ts,date,usdt_buy_median,usdt_sell_median
2026-03-31T16:59:50-04:00,2026-03-31,659.0,657.5025
2026-03-31T17:41:56-04:00,2026-03-31,659.994,657.75
2026-03-31T18:19:35-04:00,2026-03-31,659.0,656.53
2026-03-31T18:54:03-04:00,2026-03-31,658.825,656.115
2026-03-31T19:21:37-04:00,2026-03-31,657.99,656.0
2026-03-31T19:52:48-04:00,2026-03-31,657.9,656.0
2026-03-31T21:11:18-04:00,2026-03-31,657.7,655.175
2026-04-01T00:20:07-04:00,2026-04-01,658.145,651.0
2026-04-01T02:06:26-04:00,2026-04-01,659.495,649.6
2026-04-01T03:50:16-04:00,2026-04-01,659.999,647.0
2026-04-01T04:49:31-04:00,2026-04-01,659.999,647.1
2026-04-01T05:53:39-04:00,2026-04-01,659.3995,649.915
2026-04-01T06:43:05-04:00,2026-04-01,658.225,650.52
2026-04-01T07:36:51-04:00,2026-04-01,657.4970000000001,653.48
2026-04-01T08:38:51-04:00,2026-04-01,653.999,651.31
2026-04-01T10:14:10-04:00,2026-04-01,652.0005,648.725
2026-04-01T11:40:04-04:00,2026-04-01,650.0,647.5
2026-04-01T12:35:56-04:00,2026-04-01,649.195,646.1055
2026-04-01T13:31:54-04:00,2026-04-01,648.945,647.9
2026-04-01T14:11:11-04:00,2026-04-01,650.05,649.1500000000001
2026-04-01T15:20:24-04:00,2026-04-01,653.7745,650.155
2026-04-01T16:04:40-04:00,2026-04-01,653.425,652.5205
2026-04-01T16:57:29-04:00,2026-04-01,655.0,653.925
2026-04-01T17:38:00-04:00,2026-04-01,657.0,654.0
2026-04-01T18:07:35-04:00,2026-04-01,656.1865,653.5
2026-04-01T18:54:53-04:00,2026-04-01,655.1995,652.805
2026-04-01T19:27:06-04:00,2026-04-01,655.0,653.653
2026-04-01T19:55:44-04:00,2026-04-01,655.5,653.0055
2026-04-01T21:22:39-04:00,2026-04-01,655.8,653.306
2026-04-02T00:02:08-04:00,2026-04-02,656.295,650.0
2026-04-02T01:45:57-04:00,2026-04-02,657.5,649.3499999999999
2026-04-02T02:54:51-04:00,2026-04-02,658.0,648.55
2026-04-02T03:57:51-04:00,2026-04-02,658.0,647.1500000000001
2026-04-02T04:53:29-04:00,2026-04-02,658.4445000000001,646.485
2026-04-02T05:47:23-04:00,2026-04-02,657.5205000000001,647.05
2026-04-02T06:37:50-04:00,2026-04-02,656.8499999999999,648.9255
2026-04-02T07:28:47-04:00,2026-04-02,655.8945,650.0
2026-04-02T08:06:33-04:00,2026-04-02,655.845,651.2
2026-04-02T09:51:49-04:00,2026-04-02,654.0,651.8040000000001
2026-04-02T10:44:28-04:00,2026-04-02,653.47,651.25
2026-04-02T11:42:34-04:00,2026-04-02,652.6500000000001,651.2
2026-04-02T12:36:47-04:00,2026-04-02,652.9975,651.775
2026-04-02T13:29:08-04:00,2026-04-02,653.0,651.0
2026-04-02T14:08:15-04:00,2026-04-02,653.0,652.0
2026-04-02T15:12:47-04:00,2026-04-02,653.9945,652.25
2026-04-02T15:56:30-04:00,2026-04-02,654.145,652.3009999999999
2026-04-02T16:28:42-04:00,2026-04-02,654.899,652.2505
2026-04-02T17:01:52-04:00,2026-04-02,654.0,651.944
2026-04-02T17:48:18-04:00,2026-04-02,653.7985,652.2
2026-04-02T18:18:46-04:00,2026-04-02,653.4995,651.3125
2026-04-02T18:53:21-04:00,2026-04-02,653.4995,650.9155
2026-04-02T19:21:09-04:00,2026-04-02,653.4775,650.031
2026-04-02T19:52:24-04:00,2026-04-02,652.894,649.5565
2026-04-02T21:04:20-04:00,2026-04-02,651.999,648.325
2026-04-02T23:50:21-04:00,2026-04-02,652.4870000000001,646.3
2026-04-03T01:26:22-04:00,2026-04-03,653.0,644.5
2026-04-03T02:43:21-04:00,2026-04-03,653.6,643.1500000000001
2026-04-03T03:47:21-04:00,2026-04-03,653.6,642.2629999999999
2026-04-03T04:34:45-04:00,2026-04-03,653.55,641.85
2026-04-03T05:32:18-04:00,2026-04-03,653.1700000000001,642.775
2026-04-03T06:09:50-04:00,2026-04-03,653.0,643.7005
2026-04-03T07:01:30-04:00,2026-04-03,652.875,646.205
2026-04-03T07:42:40-04:00,2026-04-03,652.0,647.5025
2026-04-03T08:05:26-04:00,2026-04-03,651.9985,647.0699999999999
2026-04-03T09:25:12-04:00,2026-04-03,646.0,642.0
2026-04-03T10:10:08-04:00,2026-04-03,644.9995,642.01
2026-04-03T10:59:50-04:00,2026-04-03,648.125,645.331
2026-04-03T11:40:24-04:00,2026-04-03,650.0,647.66
2026-04-03T12:06:41-04:00,2026-04-03,650.0,647.0
2026-04-03T12:55:28-04:00,2026-04-03,647.0,644.1005
2026-04-03T13:26:20-04:00,2026-04-03,647.0,644.255
2026-04-03T13:58:21-04:00,2026-04-03,646.9935,643.4725000000001
2026-04-03T14:43:54-04:00,2026-04-03,647.0,644.3
2026-04-03T15:27:17-04:00,2026-04-03,646.99,644.0
2026-04-03T15:58:01-04:00,2026-04-03,646.5,643.797
2026-04-03T16:33:32-04:00,2026-04-03,645.8985,643.5
2026-04-03T17:04:04-04:00,2026-04-03,645.6,642.6015
2026-04-03T17:45:47-04:00,2026-04-03,644.9939999999999,642.245
2026-04-03T18:04:10-04:00,2026-04-03,644.5174999999999,641.5175
2026-04-03T18:47:17-04:00,2026-04-03,643.2745,640.3475000000001
2026-04-03T19:19:16-04:00,2026-04-03,642.6975,638.0025
2026-04-03T19:51:46-04:00,2026-04-03,641.0,637.0
2026-04-03T20:58:20-04:00,2026-04-03,640.0,636.419
2026-04-03T23:32:04-04:00,2026-04-03,643.085,636.55
2026-04-04T01:10:24-04:00,2026-04-04,643.6735,635.355
2026-04-04T02:10:55-04:00,2026-04-04,644.0,634.0
2026-04-04T03:15:59-04:00,2026-04-04,644.5,631.9005
2026-04-04T03:56:34-04:00,2026-04-04,644.435,630.517
2026-04-04T04:33:56-04:00,2026-04-04,644.485,630.0
2026-04-04T05:09:11-04:00,2026-04-04,644.0,630.0
2026-04-04T05:52:51-04:00,2026-04-04,643.75,632.55
2026-04-04T06:20:20-04:00,2026-04-04,643.5450000000001,634.1995
2026-04-04T06:55:05-04:00,2026-04-04,643.4,635.0
2026-04-04T07:20:35-04:00,2026-04-04,642.5,635.8155
2026-04-04T07:47:22-04:00,2026-04-04,642.225,636.075
2026-04-04T08:02:00-04:00,2026-04-04,641.9975,636.1310000000001
2026-04-04T09:15:06-04:00,2026-04-04,634.1495,629.6875
2026-04-04T09:59:24-04:00,2026-04-04,637.45,632.6505
2026-04-04T10:34:56-04:00,2026-04-04,635.5,632.7
2026-04-04T11:02:40-04:00,2026-04-04,634.685,631.9745
2026-04-04T11:40:39-04:00,2026-04-04,634.5,632.0165
2026-04-04T12:00:06-04:00,2026-04-04,634.85,632.005
2026-04-04T12:39:37-04:00,2026-04-04,634.4,632.5
2026-04-04T13:05:13-04:00,2026-04-04,634.39,632.2
2026-04-04T13:42:48-04:00,2026-04-04,634.99,633.8305
2026-04-04T14:01:25-04:00,2026-04-04,635.0,634.35
2026-04-04T14:53:33-04:00,2026-04-04,636.144,633.45
2026-04-04T15:21:51-04:00,2026-04-04,636.9,633.2655
2026-04-04T15:48:57-04:00,2026-04-04,636.925,633.5005
2026-04-04T16:01:54-04:00,2026-04-04,636.7874999999999,633.5374999999999
2026-04-04T16:42:01-04:00,2026-04-04,636.0,632.3499999999999
2026-04-04T17:03:33-04:00,2026-04-04,635.4,632.0
2026-04-04T17:40:56-04:00,2026-04-04,634.2545,631.0
2026-04-04T17:59:07-04:00,2026-04-04,633.8725,630.7525
2026-04-04T18:30:14-04:00,2026-04-04,633.5545,630.5055
2026-04-04T18:58:10-04:00,2026-04-04,633.185,630.0
2026-04-04T19:29:19-04:00,2026-04-04,632.495,629.505
2026-04-04T19:55:37-04:00,2026-04-04,632.0,629.0
2026-04-04T21:28:01-04:00,2026-04-04,631.9985,626.8
2026-04-05T00:17:35-04:00,2026-04-05,632.5,626.0
2026-04-05T01:54:47-04:00,2026-04-05,633.5,624.3499999999999
2026-04-05T02:53:23-04:00,2026-04-05,633.9935,623.4545
2026-04-05T03:45:11-04:00,2026-04-05,633.999,622.125
2026-04-05T04:24:39-04:00,2026-04-05,634.0,621.5
2026-04-05T05:04:05-04:00,2026-04-05,633.895,622.0
2026-04-05T05:51:31-04:00,2026-04-05,633.6,622.115
2026-04-05T06:19:05-04:00,2026-04-05,633.4,623.0
2026-04-05T06:56:42-04:00,2026-04-05,633.0,623.207
2026-04-05T07:24:21-04:00,2026-04-05,631.999,623.528
2026-04-05T07:49:59-04:00,2026-04-05,630.6500000000001,624.1
2026-04-05T08:24:34-04:00,2026-04-05,627.925,620.5754999999999
2026-04-05T09:32:31-04:00,2026-04-05,631.6500000000001,626.805
2026-04-05T10:07:20-04:00,2026-04-05,632.14,627.056
2026-04-05T10:50:19-04:00,2026-04-05,628.6134999999999,624.516
2026-04-05T11:18:40-04:00,2026-04-05,628.0450000000001,624.71
2026-04-05T11:49:56-04:00,2026-04-05,627.4995,625.1
2026-04-05T12:19:16-04:00,2026-04-05,627.473,626.135
2026-04-05T12:55:59-04:00,2026-04-05,628.845,627.203
2026-04-05T13:23:02-04:00,2026-04-05,629.8995,627.4105
2026-04-05T13:53:51-04:00,2026-04-05,630.1745,627.1545
2026-04-05T14:23:23-04:00,2026-04-05,630.0,627.0005
2026-04-05T15:07:43-04:00,2026-04-05,630.0,627.0
2026-04-05T15:46:10-04:00,2026-04-05,630.0,628.1
2026-04-05T16:01:52-04:00,2026-04-05,630.0,628.508
2026-04-05T16:43:38-04:00,2026-04-05,632.0,628.8755
2026-04-05T17:04:31-04:00,2026-04-05,632.999,628.827
2026-04-05T17:42:34-04:00,2026-04-05,633.0,628.805
2026-04-05T18:00:38-04:00,2026-04-05,633.0,629.0105
2026-04-05T18:36:51-04:00,2026-04-05,632.7919999999999,628.88
2026-04-05T19:02:46-04:00,2026-04-05,632.1575,629.0
2026-04-05T19:44:28-04:00,2026-04-05,631.0,627.5550000000001
2026-04-05T20:03:36-04:00,2026-04-05,631.0,627.0
2026-04-05T23:34:34-04:00,2026-04-05,632.9200000000001,626.5074999999999
2026-04-06T01:39:23-04:00,2026-04-06,634.9449999999999,625.0
2026-04-06T03:11:17-04:00,2026-04-06,635.0,624.0070000000001
2026-04-06T04:45:11-04:00,2026-04-06,635.0,623.0
2026-04-06T05:52:49-04:00,2026-04-06,634.495,624.4165
2026-04-06T06:44:53-04:00,2026-04-06,631.9995,625.0
2026-04-06T07:35:37-04:00,2026-04-06,630.465,625.05
2026-04-06T08:08:56-04:00,2026-04-06,628.7,624.71
2026-04-06T09:43:52-04:00,2026-04-06,626.415,623.785
2026-04-06T10:34:54-04:00,2026-04-06,627.999,625.8005
2026-04-06T11:27:09-04:00,2026-04-06,638.7584999999999,639.7315
2026-04-06T12:07:24-04:00,2026-04-06,639.0,636.5
2026-04-06T13:02:38-04:00,2026-04-06,637.0,636.3265
2026-04-06T13:54:27-04:00,2026-04-06,637.0,633.4
2026-04-06T14:39:31-04:00,2026-04-06,635.0,633.2555
2026-04-06T15:39:55-04:00,2026-04-06,636.0,637.0
2026-04-06T16:21:48-04:00,2026-04-06,636.9855,635.5425
2026-04-06T16:58:46-04:00,2026-04-06,637.0,635.0005
2026-04-06T17:37:26-04:00,2026-04-06,637.495,637.805
2026-04-06T18:02:49-04:00,2026-04-06,638.5,638.6105
2026-04-06T18:49:07-04:00,2026-04-06,639.998,637.6
2026-04-06T19:22:18-04:00,2026-04-06,639.825,637.5
2026-04-06T19:54:25-04:00,2026-04-06,639.845,636.595
2026-04-06T21:10:20-04:00,2026-04-06,635.99,632.2325000000001
2026-04-07T00:05:30-04:00,2026-04-07,637.0,631.14
2026-04-07T01:52:45-04:00,2026-04-07,638.635,629.001
2026-04-07T03:00:28-04:00,2026-04-07,639.05,628.0
2026-04-07T04:15:28-04:00,2026-04-07,639.5,627.075
2026-04-07T05:35:05-04:00,2026-04-07,638.2425000000001,627.9100000000001
2026-04-07T06:36:10-04:00,2026-04-07,637.0,631.006
2026-04-07T07:32:59-04:00,2026-04-07,635.9,631.53
2026-04-07T08:09:55-04:00,2026-04-07,633.9,629.21
2026-04-07T09:58:48-04:00,2026-04-07,631.0,629.7355
2026-04-07T11:07:50-04:00,2026-04-07,630.0,628.9024999999999
2026-04-07T12:16:42-04:00,2026-04-07,630.0,628.8
2026-04-07T13:17:15-04:00,2026-04-07,632.075,630.2
2026-04-07T14:11:05-04:00,2026-04-07,631.4,629.6775
2026-04-07T15:15:02-04:00,2026-04-07,636.4995,635.7505
2026-04-07T15:21:26-04:00,2026-04-07,637.0,635.55
2026-04-07T16:03:43-04:00,2026-04-07,637.995,635.178
2026-04-07T16:58:57-04:00,2026-04-07,637.499,637.0005
2026-04-07T17:44:58-04:00,2026-04-07,637.7,638.4100000000001
2026-04-07T18:23:06-04:00,2026-04-07,637.9,638.575
2026-04-07T19:02:28-04:00,2026-04-07,638.499,640.0505
2026-04-07T19:49:09-04:00,2026-04-07,640.0,637.9005
2026-04-07T21:05:26-04:00,2026-04-07,639.0,638.5
2026-04-08T00:04:50-04:00,2026-04-08,641.8499999999999,635.865
2026-04-08T01:53:21-04:00,2026-04-08,642.5,634.205
2026-04-08T03:02:18-04:00,2026-04-08,642.8499999999999,632.7560000000001
2026-04-08T04:16:17-04:00,2026-04-08,642.6,631.9005
2026-04-08T05:35:06-04:00,2026-04-08,642.0,632.944
2026-04-08T06:38:55-04:00,2026-04-08,641.0,636.7195
2026-04-08T07:35:55-04:00,2026-04-08,641.0,639.73
2026-04-08T08:38:10-04:00,2026-04-08,642.0,640.175
2026-04-08T10:12:12-04:00,2026-04-08,646.9965,642.61
2026-04-08T11:43:22-04:00,2026-04-08,634.0,630.3
2026-04-08T12:44:58-04:00,2026-04-08,633.0,631.03
2026-04-08T13:47:08-04:00,2026-04-08,632.75,634.8385000000001
2026-04-08T14:53:41-04:00,2026-04-08,635.9995,634.4
2026-04-08T15:51:54-04:00,2026-04-08,636.0,634.71
2026-04-08T16:28:21-04:00,2026-04-08,635.999,637.1575
2026-04-08T17:09:53-04:00,2026-04-08,638.5,636.5
2026-04-08T17:57:43-04:00,2026-04-08,638.8,636.29
2026-04-08T18:35:50-04:00,2026-04-08,639.0,637.2325000000001
2026-04-08T19:21:41-04:00,2026-04-08,637.499,635.2005
2026-04-08T19:55:09-04:00,2026-04-08,636.5745,634.45
2026-04-08T21:10:12-04:00,2026-04-08,636.9,632.995
2026-04-09T00:03:32-04:00,2026-04-09,636.6,630.0
2026-04-09T01:54:11-04:00,2026-04-09,637.99,628.0550000000001
2026-04-09T03:06:24-04:00,2026-04-09,638.0,625.1065
2026-04-09T04:25:02-04:00,2026-04-09,637.9985,625.2005
2026-04-09T05:44:59-04:00,2026-04-09,637.0,625.9
2026-04-09T06:46:42-04:00,2026-04-09,635.2495,628.5
2026-04-09T07:39:11-04:00,2026-04-09,633.6485,629.2025000000001
2026-04-09T08:44:24-04:00,2026-04-09,628.2,626.3140000000001
2026-04-09T10:26:57-04:00,2026-04-09,632.5,631.1065
2026-04-09T12:00:06-04:00,2026-04-09,629.499,628.0105
2026-04-09T13:11:53-04:00,2026-04-09,630.0,628.325
2026-04-09T14:10:31-04:00,2026-04-09,630.8,629.59
2026-04-09T15:35:26-04:00,2026-04-09,635.0450000000001,635.525
2026-04-09T16:27:50-04:00,2026-04-09,638.0,637.12
2026-04-09T17:07:45-04:00,2026-04-09,638.0,637.095
2026-04-09T17:55:26-04:00,2026-04-09,638.4495,636.605
2026-04-09T18:31:38-04:00,2026-04-09,636.0,635.25
2026-04-09T19:11:36-04:00,2026-04-09,636.8,635.905
2026-04-09T19:37:07-04:00,2026-04-09,636.944,636.0799999999999
2026-04-09T19:52:31-04:00,2026-04-09,637.0,636.0
2026-04-09T21:06:14-04:00,2026-04-09,637.8895,635.205
2026-04-10T00:14:01-04:00,2026-04-10,637.0,631.5005
2026-04-10T02:08:24-04:00,2026-04-10,638.0,629.0005
2026-04-10T03:56:58-04:00,2026-04-10,638.0,627.3
2026-04-10T05:02:42-04:00,2026-04-10,638.0,628.05
2026-04-10T06:14:46-04:00,2026-04-10,637.5,630.325
2026-04-10T07:12:48-04:00,2026-04-10,636.6500000000001,632.967
2026-04-10T07:58:56-04:00,2026-04-10,635.0,632.108
2026-04-10T09:10:49-04:00,2026-04-10,633.0,632.0374999999999
2026-04-10T10:20:35-04:00,2026-04-10,637.0,635.435
2026-04-10T11:10:10-04:00,2026-04-10,636.55,636.4105
2026-04-10T12:05:40-04:00,2026-04-10,637.5,636.9
2026-04-10T13:02:37-04:00,2026-04-10,637.0,637.9805
2026-04-10T13:54:08-04:00,2026-04-10,637.149,638.605
2026-04-10T14:35:58-04:00,2026-04-10,638.0,639.0274999999999
2026-04-10T15:29:11-04:00,2026-04-10,639.5,638.25
2026-04-10T16:01:57-04:00,2026-04-10,638.525,639.075
2026-04-10T16:50:33-04:00,2026-04-10,639.5,639.2
2026-04-10T17:23:36-04:00,2026-04-10,639.0,638.5155
2026-04-10T17:58:18-04:00,2026-04-10,639.5,638.555
2026-04-10T18:35:40-04:00,2026-04-10,639.095,638.3045
2026-04-10T19:06:57-04:00,2026-04-10,639.0,637.0509999999999
2026-04-10T19:49:32-04:00,2026-04-10,638.0,637.0
2026-04-10T21:01:46-04:00,2026-04-10,638.1695,637.475
2026-04-10T23:40:52-04:00,2026-04-10,639.1,634.7005
2026-04-11T01:14:55-04:00,2026-04-11,639.94,632.505
2026-04-11T02:14:12-04:00,2026-04-11,640.0,630.1595
2026-04-11T03:17:17-04:00,2026-04-11,640.0,629.8005
2026-04-11T03:58:29-04:00,2026-04-11,640.0,628.975
2026-04-11T04:41:25-04:00,2026-04-11,640.0,629.0
2026-04-11T05:24:48-04:00,2026-04-11,640.0,630.0
2026-04-11T06:01:04-04:00,2026-04-11,640.0,630.8225
2026-04-11T06:41:14-04:00,2026-04-11,639.55,633.2225000000001
2026-04-11T07:06:25-04:00,2026-04-11,639.275,635.275
2026-04-11T07:39:59-04:00,2026-04-11,639.6745000000001,636.2615
2026-04-11T07:59:22-04:00,2026-04-11,639.5450000000001,637.0
2026-04-11T09:01:05-04:00,2026-04-11,635.884,634.251
2026-04-11T09:57:58-04:00,2026-04-11,639.0,636.105
2026-04-11T10:34:43-04:00,2026-04-11,638.425,636.575
2026-04-11T11:05:59-04:00,2026-04-11,638.295,636.9304999999999
2026-04-11T11:45:19-04:00,2026-04-11,637.884,635.5
2026-04-11T12:04:28-04:00,2026-04-11,637.0385,635.0550000000001
2026-04-11T12:51:34-04:00,2026-04-11,636.14,635.0
2026-04-11T13:20:00-04:00,2026-04-11,636.0,636.0
2026-04-11T13:52:30-04:00,2026-04-11,636.9995,636.0284999999999
2026-04-11T14:23:18-04:00,2026-04-11,636.9945,635.645
2026-04-11T15:07:48-04:00,2026-04-11,637.0,635.2974999999999
2026-04-11T15:46:43-04:00,2026-04-11,636.8,635.0029999999999
2026-04-11T16:02:41-04:00,2026-04-11,636.4995,635.0
2026-04-11T16:46:21-04:00,2026-04-11,635.9995,633.605
2026-04-11T17:16:34-04:00,2026-04-11,635.1990000000001,632.53
2026-04-11T17:49:29-04:00,2026-04-11,633.9,631.376
2026-04-11T18:14:29-04:00,2026-04-11,633.9,631.501
2026-04-11T18:52:23-04:00,2026-04-11,633.0,630.5
2026-04-11T19:20:03-04:00,2026-04-11,632.674,630.5385
2026-04-11T19:53:38-04:00,2026-04-11,632.075,630.095
2026-04-11T21:10:34-04:00,2026-04-11,632.3745,629.725
2026-04-12T00:18:55-04:00,2026-04-12,634.0,626.5055
2026-04-12T02:04:06-04:00,2026-04-12,634.4,625.35
2026-04-12T03:38:45-04:00,2026-04-12,634.9005,622.3050000000001
2026-04-12T04:27:35-04:00,2026-04-12,635.0,621.0
2026-04-12T05:10:53-04:00,2026-04-12,635.05,621.0005
2026-04-12T05:58:44-04:00,2026-04-12,635.2950000000001,622.14
2026-04-12T06:38:08-04:00,2026-04-12,634.6995,624.0
2026-04-12T07:19:08-04:00,2026-04-12,633.0,625.11
2026-04-12T07:50:18-04:00,2026-04-12,632.0,626.01
2026-04-12T08:28:37-04:00,2026-04-12,627.999,622.0
2026-04-12T09:38:49-04:00,2026-04-12,628.9945,623.6775
2026-04-12T10:22:03-04:00,2026-04-12,628.7385,626.4
2026-04-12T11:00:53-04:00,2026-04-12,631.6,630.2155
2026-04-12T11:40:36-04:00,2026-04-12,634.0,631.5
2026-04-12T12:05:31-04:00,2026-04-12,634.6955,631.8755
2026-04-12T12:53:33-04:00,2026-04-12,633.0899999999999,631.2
2026-04-12T13:23:48-04:00,2026-04-12,632.538,630.775
2026-04-12T13:56:23-04:00,2026-04-12,632.5,630.0
2026-04-12T14:37:03-04:00,2026-04-12,631.7,631.185
2026-04-12T15:25:48-04:00,2026-04-12,632.293,631.0
2026-04-12T15:56:47-04:00,2026-04-12,632.9965,631.3005
2026-04-12T16:28:48-04:00,2026-04-12,632.51,631.0545
2026-04-12T17:01:49-04:00,2026-04-12,632.0,630.1500000000001
2026-04-12T17:43:21-04:00,2026-04-12,632.0,630.0
2026-04-12T18:03:54-04:00,2026-04-12,631.835,630.0
2026-04-12T18:48:39-04:00,2026-04-12,631.7,628.0
2026-04-12T19:20:09-04:00,2026-04-12,630.7985,627.1424999999999
2026-04-12T19:54:30-04:00,2026-04-12,629.999,625.8
2026-04-12T21:17:21-04:00,2026-04-12,629.49,625.3
2026-04-13T00:31:17-04:00,2026-04-13,630.4995,623.1505
2026-04-13T02:32:04-04:00,2026-04-13,632.0,620.405
2026-04-13T04:31:15-04:00,2026-04-13,632.075,620.0
2026-04-13T06:16:09-04:00,2026-04-13,630.4,621.115
2026-04-13T07:42:50-04:00,2026-04-13,628.0,624.0
2026-04-13T08:45:49-04:00,2026-04-13,629.99,627.2
2026-04-13T10:20:12-04:00,2026-04-13,624.4449999999999,623.1
2026-04-13T11:50:00-04:00,2026-04-13,628.5055,627.4504999999999
2026-04-13T12:48:34-04:00,2026-04-13,628.345,628.25
2026-04-13T13:44:43-04:00,2026-04-13,630.0,629.7755
2026-04-13T14:50:07-04:00,2026-04-13,631.2995,632.545
2026-04-13T15:56:17-04:00,2026-04-13,636.0,637.8305
2026-04-13T16:44:54-04:00,2026-04-13,639.75,638.1775
2026-04-13T17:33:47-04:00,2026-04-13,639.0,637.2795
2026-04-13T18:25:13-04:00,2026-04-13,638.4985,637.44
2026-04-13T19:07:28-04:00,2026-04-13,638.8485000000001,637.8
2026-04-13T19:55:36-04:00,2026-04-13,639.0,639.0
2026-04-13T21:44:49-04:00,2026-04-13,640.8734999999999,639.55
2026-04-14T00:33:08-04:00,2026-04-14,642.1145,636.0
2026-04-14T02:17:49-04:00,2026-04-14,643.0,633.1
2026-04-14T04:06:08-04:00,2026-04-14,643.599,631.9
2026-04-14T05:45:29-04:00,2026-04-14,642.5975000000001,633.8
2026-04-14T06:50:08-04:00,2026-04-14,641.9,637.155
2026-04-14T07:45:24-04:00,2026-04-14,640.995,638.0005
2026-04-14T08:47:10-04:00,2026-04-14,640.0,639.15
2026-04-14T10:26:21-04:00,2026-04-14,643.9895,645.0
2026-04-14T11:47:33-04:00,2026-04-14,640.0,640.1
2026-04-14T12:48:22-04:00,2026-04-14,644.935,644.1505
2026-04-14T13:53:05-04:00,2026-04-14,644.8945,642.0
2026-04-14T14:53:22-04:00,2026-04-14,644.0,643.0505
2026-04-14T15:56:58-04:00,2026-04-14,644.0,643.1500000000001
2026-04-14T16:46:56-04:00,2026-04-14,643.0,639.295
2026-04-14T17:37:16-04:00,2026-04-14,636.865,633.7
2026-04-14T18:26:23-04:00,2026-04-14,634.977,631.0
2026-04-14T19:08:54-04:00,2026-04-14,631.985,628.0
2026-04-14T19:56:10-04:00,2026-04-14,631.3,627.6505
2026-04-14T21:48:02-04:00,2026-04-14,631.5,627.5595000000001
2026-04-15T00:33:38-04:00,2026-04-15,633.0,624.6075000000001
2026-04-15T02:18:53-04:00,2026-04-15,633.994,622.5005
2026-04-15T04:07:55-04:00,2026-04-15,633.9985,621.146
2026-04-15T05:46:49-04:00,2026-04-15,633.8,623.0005
2026-04-15T06:46:54-04:00,2026-04-15,632.099,625.3164999999999
2026-04-15T07:41:29-04:00,2026-04-15,629.3534999999999,624.5105
2026-04-15T08:44:19-04:00,2026-04-15,627.74,625.0
2026-04-15T10:15:02-04:00,2026-04-15,628.8,625.6355
2026-04-15T11:38:42-04:00,2026-04-15,622.0,619.0
2026-04-15T12:39:32-04:00,2026-04-15,625.9395,623.0
2026-04-15T13:45:10-04:00,2026-04-15,626.0,626.7
2026-04-15T14:48:22-04:00,2026-04-15,628.4,626.225
2026-04-15T15:54:56-04:00,2026-04-15,629.0,627.775
2026-04-15T16:37:09-04:00,2026-04-15,629.5,627.8
2026-04-15T17:32:56-04:00,2026-04-15,627.9,625.75
2026-04-15T18:22:16-04:00,2026-04-15,627.0,624.5
2026-04-15T19:04:32-04:00,2026-04-15,625.9495,623.105
2026-04-15T19:54:41-04:00,2026-04-15,624.925,621.0
2026-04-15T21:22:07-04:00,2026-04-15,625.1,622.21
2026-04-16T00:26:19-04:00,2026-04-16,625.9995,619.5525
2026-04-16T02:17:33-04:00,2026-04-16,626.7,617.0
2026-04-16T04:05:45-04:00,2026-04-16,626.995,615.1505
2026-04-16T05:43:58-04:00,2026-04-16,626.0,617.37
2026-04-16T06:48:35-04:00,2026-04-16,625.5995,620.0
2026-04-16T07:44:21-04:00,2026-04-16,624.5,620.3499999999999
2026-04-16T08:49:20-04:00,2026-04-16,624.0,621.9
2026-04-16T10:27:56-04:00,2026-04-16,623.0,621.335
2026-04-16T12:03:30-04:00,2026-04-16,621.49,618.2
2026-04-16T13:25:12-04:00,2026-04-16,622.0,619.5
2026-04-16T14:40:44-04:00,2026-04-16,623.0,620.9105
2026-04-16T15:48:02-04:00,2026-04-16,624.0,622.604
2026-04-16T16:34:09-04:00,2026-04-16,625.3225,623.5
2026-04-16T17:24:18-04:00,2026-04-16,625.489,623.3
2026-04-16T18:02:59-04:00,2026-04-16,625.2,622.6
2026-04-16T18:54:40-04:00,2026-04-16,624.999,621.2055
2026-04-16T19:30:17-04:00,2026-04-16,624.9,621.71
2026-04-16T20:06:15-04:00,2026-04-16,624.99,621.8025
2026-04-16T23:39:04-04:00,2026-04-16,625.5,621.405
2026-04-17T01:51:06-04:00,2026-04-17,626.4,619.0
2026-04-17T03:13:49-04:00,2026-04-17,626.4024999999999,618.0505
2026-04-17T04:54:02-04:00,2026-04-17,626.595,618.2049999999999
2026-04-17T06:01:09-04:00,2026-04-17,625.9965,619.0105
2026-04-17T07:03:14-04:00,2026-04-17,625.0,620.45
2026-04-17T07:58:56-04:00,2026-04-17,624.25,621.006
2026-04-17T09:19:49-04:00,2026-04-17,622.5495000000001,620.1985
2026-04-17T10:37:45-04:00,2026-04-17,621.9105,620.075
2026-04-17T11:40:25-04:00,2026-04-17,621.494,619.516
2026-04-17T12:32:58-04:00,2026-04-17,620.999,618.0625
2026-04-17T13:26:54-04:00,2026-04-17,619.7,616.0105
2026-04-17T14:10:50-04:00,2026-04-17,618.7795,617.0
2026-04-17T15:19:48-04:00,2026-04-17,620.0,618.2
2026-04-17T16:05:00-04:00,2026-04-17,620.2945,618.0
2026-04-17T16:58:42-04:00,2026-04-17,621.0,617.735
2026-04-17T17:40:38-04:00,2026-04-17,620.7915,618.0
2026-04-17T18:21:36-04:00,2026-04-17,620.925,617.555
2026-04-17T19:04:42-04:00,2026-04-17,620.8,618.1800000000001
2026-04-17T19:51:46-04:00,2026-04-17,621.0,618.5055
2026-04-17T21:04:28-04:00,2026-04-17,621.999,619.0
2026-04-17T23:52:45-04:00,2026-04-17,622.945,617.1655000000001
2026-04-18T01:27:06-04:00,2026-04-18,623.0,616.1125
2026-04-18T02:44:27-04:00,2026-04-18,623.825,615.135
2026-04-18T03:46:01-04:00,2026-04-18,624.0,615.0
2026-04-18T04:29:25-04:00,2026-04-18,624.0,615.0
2026-04-18T05:12:20-04:00,2026-04-18,623.825,614.9549999999999
2026-04-18T06:01:16-04:00,2026-04-18,623.0,615.0005
2026-04-18T06:49:19-04:00,2026-04-18,623.0,616.4005
2026-04-18T07:23:41-04:00,2026-04-18,622.495,617.63
2026-04-18T07:53:43-04:00,2026-04-18,622.0,618.3005
2026-04-18T08:30:09-04:00,2026-04-18,620.6995,617.251
2026-04-18T09:41:28-04:00,2026-04-18,620.0,618.84
2026-04-18T10:23:59-04:00,2026-04-18,620.4,619.0
2026-04-18T11:02:45-04:00,2026-04-18,621.095,619.7829999999999
2026-04-18T11:48:42-04:00,2026-04-18,621.5,619.816
2026-04-18T12:22:20-04:00,2026-04-18,622.0,620.1505
2026-04-18T13:00:41-04:00,2026-04-18,622.0,621.075
2026-04-18T13:40:16-04:00,2026-04-18,622.0,620.625
2026-04-18T14:07:16-04:00,2026-04-18,623.0,620.97
2026-04-18T15:06:10-04:00,2026-04-18,623.0,621.0005
2026-04-18T15:49:07-04:00,2026-04-18,623.4,621.3225
2026-04-18T16:19:14-04:00,2026-04-18,623.5,621.594
2026-04-18T16:56:18-04:00,2026-04-18,623.5,621.79
2026-04-18T17:27:09-04:00,2026-04-18,623.5,620.6
2026-04-18T17:56:48-04:00,2026-04-18,623.4995,620.8285000000001
2026-04-18T18:28:07-04:00,2026-04-18,623.4,620.21
2026-04-18T19:03:03-04:00,2026-04-18,622.9945,619.7945
2026-04-18T19:46:53-04:00,2026-04-18,622.4455,619.905
2026-04-18T21:10:42-04:00,2026-04-18,622.985,619.8115
2026-04-19T00:22:07-04:00,2026-04-19,623.8,618.338
2026-04-19T02:11:02-04:00,2026-04-19,623.999,616.819
2026-04-19T03:44:45-04:00,2026-04-19,624.0,616.5
2026-04-19T04:35:58-04:00,2026-04-19,624.0,616.0
2026-04-19T05:26:49-04:00,2026-04-19,624.0,616.5
2026-04-19T06:06:20-04:00,2026-04-19,623.9735000000001,616.635
2026-04-19T06:55:14-04:00,2026-04-19,623.9,617.1255
2026-04-19T07:27:25-04:00,2026-04-19,623.5,618.6
2026-04-19T07:57:09-04:00,2026-04-19,623.36,619.04
2026-04-19T08:52:06-04:00,2026-04-19,622.2375,618.3005
2026-04-19T09:49:58-04:00,2026-04-19,622.0,618.8675000000001
2026-04-19T10:29:17-04:00,2026-04-19,623.0,620.4
2026-04-19T11:06:21-04:00,2026-04-19,623.3995,621.3299999999999
2026-04-19T11:50:43-04:00,2026-04-19,623.9695,621.808
2026-04-19T12:23:17-04:00,2026-04-19,624.0,621.6
2026-04-19T13:01:06-04:00,2026-04-19,623.9385,621.3305
2026-04-19T13:40:54-04:00,2026-04-19,623.59,620.95
2026-04-19T14:07:16-04:00,2026-04-19,623.697,621.0
2026-04-19T15:06:25-04:00,2026-04-19,623.325,620.6755
2026-04-19T15:49:29-04:00,2026-04-19,623.2985,620.4775
2026-04-19T16:19:41-04:00,2026-04-19,623.0385,620.3205
2026-04-19T16:56:57-04:00,2026-04-19,623.0,620.0
2026-04-19T17:30:01-04:00,2026-04-19,622.8,619.505
2026-04-19T18:00:21-04:00,2026-04-19,622.699,619.03
2026-04-19T18:40:11-04:00,2026-04-19,622.4,618.808
2026-04-19T19:19:17-04:00,2026-04-19,622.2,619.0
2026-04-19T19:55:06-04:00,2026-04-19,622.0,619.1785
2026-04-19T21:27:38-04:00,2026-04-19,622.4,619.3344999999999
2026-04-20T00:39:12-04:00,2026-04-20,622.9985,616.5025
2026-04-20T02:35:41-04:00,2026-04-20,623.0,616.0
2026-04-20T04:37:26-04:00,2026-04-20,623.5,615.2505
2026-04-20T06:21:04-04:00,2026-04-20,622.9065,616.705
2026-04-20T07:46:48-04:00,2026-04-20,622.0,618.2
2026-04-20T08:53:04-04:00,2026-04-20,620.0,617.653
2026-04-20T10:26:11-04:00,2026-04-20,620.0,618.525
2026-04-20T11:51:11-04:00,2026-04-20,620.0,619.5
2026-04-20T12:48:50-04:00,2026-04-20,623.0,623.9995
2026-04-20T13:44:22-04:00,2026-04-20,630.3995,627.0
2026-04-20T14:42:46-04:00,2026-04-20,631.4,631.5799999999999
2026-04-20T15:44:18-04:00,2026-04-20,633.8595,631.6
2026-04-20T16:27:33-04:00,2026-04-20,634.0,633.0545
2026-04-20T17:08:56-04:00,2026-04-20,634.585,632.0
2026-04-20T17:59:48-04:00,2026-04-20,633.99,632.6305
2026-04-20T18:45:59-04:00,2026-04-20,634.0,633.3665000000001
2026-04-20T19:28:32-04:00,2026-04-20,634.4449999999999,632.45
2026-04-20T20:05:25-04:00,2026-04-20,634.5,632.13
2026-04-20T23:39:29-04:00,2026-04-20,634.0,629.4065
2026-04-21T01:51:06-04:00,2026-04-21,634.41,626.4005
2026-04-21T03:16:27-04:00,2026-04-21,634.6500000000001,625.755
2026-04-21T05:03:41-04:00,2026-04-21,634.6,625.655
2026-04-21T06:25:33-04:00,2026-04-21,633.9965,628.405
2026-04-21T07:36:00-04:00,2026-04-21,633.0,630.2275
2026-04-21T08:44:18-04:00,2026-04-21,629.0,627.6755
2026-04-21T10:20:49-04:00,2026-04-21,625.1985,623.7295
2026-04-21T11:46:38-04:00,2026-04-21,629.0,628.0625
2026-04-21T12:41:40-04:00,2026-04-21,629.1175000000001,628.0
2026-04-21T13:40:28-04:00,2026-04-21,630.49,629.55
2026-04-21T14:43:33-04:00,2026-04-21,630.0,628.0
2026-04-21T15:50:04-04:00,2026-04-21,630.0,628.65
2026-04-21T16:35:59-04:00,2026-04-21,630.0,628.46
2026-04-21T17:25:51-04:00,2026-04-21,630.0,628.0
2026-04-21T18:04:49-04:00,2026-04-21,629.8,627.0
2026-04-21T18:53:21-04:00,2026-04-21,628.415,625.8054999999999
2026-04-21T19:24:28-04:00,2026-04-21,628.0,626.3520000000001
2026-04-21T19:56:13-04:00,2026-04-21,628.0,626.0
2026-04-21T21:52:01-04:00,2026-04-21,628.0450000000001,625.0
2026-04-22T00:34:15-04:00,2026-04-22,628.0,622.185
2026-04-22T02:21:06-04:00,2026-04-22,628.9200000000001,620.95
2026-04-22T04:11:16-04:00,2026-04-22,629.0,620.0505
2026-04-22T05:50:24-04:00,2026-04-22,628.55,621.38
2026-04-22T06:53:06-04:00,2026-04-22,627.394,622.5025
2026-04-22T07:47:19-04:00,2026-04-22,626.4475,622.8499999999999
2026-04-22T08:47:05-04:00,2026-04-22,624.0,622.1
2026-04-22T10:23:23-04:00,2026-04-22,628.5,626.1505
2026-04-22T11:46:05-04:00,2026-04-22,625.0,623.265
2026-04-22T12:43:49-04:00,2026-04-22,626.9,624.425
2026-04-22T13:42:06-04:00,2026-04-22,627.4449999999999,626.5
2026-04-22T14:44:51-04:00,2026-04-22,628.55,628.0550000000001
2026-04-22T15:51:16-04:00,2026-04-22,630.0,630.03
2026-04-22T16:39:36-04:00,2026-04-22,632.0,629.531
2026-04-22T17:33:54-04:00,2026-04-22,631.3,629.645
2026-04-22T18:25:14-04:00,2026-04-22,631.08,629.2
2026-04-22T19:10:05-04:00,2026-04-22,630.8,628.501
2026-04-22T19:58:29-04:00,2026-04-22,630.195,627.8
2026-04-22T22:32:23-04:00,2026-04-22,630.0995,628.0
2026-04-23T01:16:08-04:00,2026-04-23,630.87,625.3054999999999
2026-04-23T03:10:50-04:00,2026-04-23,631.0,624.0
2026-04-23T05:01:45-04:00,2026-04-23,631.525,623.31
2026-04-23T06:25:48-04:00,2026-04-23,630.2004999999999,625.3905
2026-04-23T07:36:28-04:00,2026-04-23,629.9635000000001,626.725
2026-04-23T08:43:06-04:00,2026-04-23,627.15,626.1804999999999
2026-04-23T10:23:41-04:00,2026-04-23,629.0,627.48
2026-04-23T12:13:51-04:00,2026-04-23,628.3945,626.3575000000001
2026-04-23T13:45:41-04:00,2026-04-23,628.5545,627.03
2026-04-23T14:45:57-04:00,2026-04-23,629.0,628.9005
2026-04-23T15:55:49-04:00,2026-04-23,631.0005,630.943
2026-04-23T16:43:54-04:00,2026-04-23,631.095,630.0
2026-04-23T17:30:31-04:00,2026-04-23,631.7995,630.04
2026-04-23T18:09:37-04:00,2026-04-23,631.9,630.0
2026-04-23T19:03:40-04:00,2026-04-23,631.29,630.0
2026-04-23T19:56:04-04:00,2026-04-23,631.4,629.1700000000001
2026-04-23T21:53:53-04:00,2026-04-23,631.9,628.7625
2026-04-24T00:43:01-04:00,2026-04-24,631.794,626.0
2026-04-24T02:28:57-04:00,2026-04-24,631.9,624.55
2026-04-24T04:30:42-04:00,2026-04-24,631.91,624.0
2026-04-24T06:07:00-04:00,2026-04-24,631.49,625.3499999999999
2026-04-24T07:19:27-04:00,2026-04-24,630.1,627.0
2026-04-24T08:08:43-04:00,2026-04-24,629.9,626.6
2026-04-24T10:03:25-04:00,2026-04-24,630.5,628.5
2026-04-24T11:16:48-04:00,2026-04-24,628.825,626.9024999999999
2026-04-24T12:13:15-04:00,2026-04-24,629.0,628.1949999999999
2026-04-24T13:12:48-04:00,2026-04-24,629.8995,627.7005
2026-04-24T13:58:54-04:00,2026-04-24,629.0,626.9195
2026-04-24T14:52:26-04:00,2026-04-24,628.5,627.838
2026-04-24T15:40:49-04:00,2026-04-24,629.98,629.025
2026-04-24T16:28:18-04:00,2026-04-24,630.3,629.0055
2026-04-24T17:12:36-04:00,2026-04-24,630.7905000000001,628.8815
2026-04-24T18:01:56-04:00,2026-04-24,630.489,628.1179999999999
2026-04-24T18:50:19-04:00,2026-04-24,630.2745,628.2650000000001
2026-04-24T19:27:05-04:00,2026-04-24,630.0,628.0005
2026-04-24T20:02:12-04:00,2026-04-24,630.0,628.2
2026-04-24T23:25:14-04:00,2026-04-24,630.774,627.525
2026-04-25T01:25:13-04:00,2026-04-25,630.9995,625.575
2026-04-25T02:48:43-04:00,2026-04-25,631.0,624.175
2026-04-25T03:55:47-04:00,2026-04-25,631.0,624.0
2026-04-25T04:42:12-04:00,2026-04-25,631.0,624.0
2026-04-25T05:36:19-04:00,2026-04-25,631.025,624.101
2026-04-25T06:25:48-04:00,2026-04-25,631.0,625.652
2026-04-25T07:08:58-04:00,2026-04-25,630.5,626.5
2026-04-25T07:51:00-04:00,2026-04-25,630.0,627.0005
2026-04-25T08:31:06-04:00,2026-04-25,630.0,628.2
2026-04-25T09:45:19-04:00,2026-04-25,631.0,629.2155
2026-04-25T10:29:13-04:00,2026-04-25,630.884,629.54
2026-04-25T11:08:37-04:00,2026-04-25,630.9995,629.865
2026-04-25T11:53:55-04:00,2026-04-25,631.3995,630.2
2026-04-25T12:26:18-04:00,2026-04-25,631.9,630.5029999999999
2026-04-25T13:06:12-04:00,2026-04-25,632.0,630.7705
2026-04-25T13:53:11-04:00,2026-04-25,632.0,630.5005
2026-04-25T14:30:38-04:00,2026-04-25,632.0,630.306
2026-04-25T15:27:10-04:00,2026-04-25,632.0,629.98
2026-04-25T16:00:03-04:00,2026-04-25,631.99,630.0505
2026-04-25T16:42:24-04:00,2026-04-25,631.7975,630.205
2026-04-25T17:20:24-04:00,2026-04-25,631.72,630.05
2026-04-25T17:54:33-04:00,2026-04-25,631.9,630.35
2026-04-25T18:23:41-04:00,2026-04-25,631.905,630.0
2026-04-25T19:00:33-04:00,2026-04-25,631.5,629.815
2026-04-25T19:42:42-04:00,2026-04-25,631.6234999999999,629.6125
2026-04-25T21:13:21-04:00,2026-04-25,631.5,629.2
2026-04-26T00:31:13-04:00,2026-04-26,632.2225000000001,627.3785
2026-04-26T02:25:16-04:00,2026-04-26,632.6585,626.9
2026-04-26T03:57:35-04:00,2026-04-26,632.8634999999999,626.0
2026-04-26T04:56:21-04:00,2026-04-26,632.9970000000001,625.3
2026-04-26T05:46:32-04:00,2026-04-26,632.935,626.1025
2026-04-26T06:31:21-04:00,2026-04-26,632.8499999999999,626.765
2026-04-26T07:22:14-04:00,2026-04-26,632.6045,627.9355
2026-04-26T07:59:31-04:00,2026-04-26,632.525,628.515
2026-04-26T09:10:18-04:00,2026-04-26,632.9995,630.0305
2026-04-26T10:09:16-04:00,2026-04-26,632.8495,630.1
2026-04-26T10:59:25-04:00,2026-04-26,632.5,630.315
2026-04-26T11:42:50-04:00,2026-04-26,632.4,630.4155
2026-04-26T12:23:59-04:00,2026-04-26,632.469,630.5
2026-04-26T13:05:57-04:00,2026-04-26,632.1,630.365
2026-04-26T13:53:19-04:00,2026-04-26,632.0,630.5
2026-04-26T14:31:22-04:00,2026-04-26,632.0764999999999,630.74
2026-04-26T15:29:32-04:00,2026-04-26,632.0,630.5
2026-04-26T16:02:41-04:00,2026-04-26,632.0,630.5
2026-04-26T16:51:51-04:00,2026-04-26,632.0,630.095
2026-04-26T17:24:12-04:00,2026-04-26,631.9,630.1105
2026-04-26T17:57:22-04:00,2026-04-26,632.0,630.0005
2026-04-26T18:34:00-04:00,2026-04-26,631.999,629.5
2026-04-26T19:10:01-04:00,2026-04-26,631.998,629.475
2026-04-26T19:54:22-04:00,2026-04-26,631.855,628.65
2026-04-26T21:22:13-04:00,2026-04-26,631.4,628.0005
2026-04-27T00:43:56-04:00,2026-04-27,632.0,626.95
2026-04-27T03:21:33-04:00,2026-04-27,632.5,625.0
2026-04-27T05:33:03-04:00,2026-04-27,632.444,625.0
2026-04-27T07:23:44-04:00,2026-04-27,631.35,627.055
2026-04-27T08:56:26-04:00,2026-04-27,630.0,628.893
2026-04-27T11:00:53-04:00,2026-04-27,634.3009999999999,633.0505
2026-04-27T12:45:01-04:00,2026-04-27,635.0,634.4005
2026-04-27T13:54:04-04:00,2026-04-27,642.9,641.775
2026-04-27T15:00:15-04:00,2026-04-27,643.3745,643.0799999999999
2026-04-27T16:09:50-04:00,2026-04-27,645.0,644.0
2026-04-27T17:15:21-04:00,2026-04-27,646.0,644.6825
2026-04-27T18:07:42-04:00,2026-04-27,646.3735,644.8254999999999
2026-04-27T19:06:06-04:00,2026-04-27,645.8995,644.225
2026-04-27T20:01:47-04:00,2026-04-27,645.5,644.342
2026-04-27T23:53:27-04:00,2026-04-27,648.639,643.6
2026-04-28T02:22:39-04:00,2026-04-28,649.0,641.525
2026-04-28T04:41:19-04:00,2026-04-28,649.05,641.565
2026-04-28T06:34:53-04:00,2026-04-28,648.4,644.3455
2026-04-28T08:13:28-04:00,2026-04-28,646.494,643.55
2026-04-28T10:41:15-04:00,2026-04-28,648.9925000000001,645.0105
2026-04-28T12:27:00-04:00,2026-04-28,645.0,641.8125
2026-04-28T13:59:43-04:00,2026-04-28,643.7895,641.7625
2026-04-28T15:43:54-04:00,2026-04-28,644.885,643.2025000000001
2026-04-28T16:50:35-04:00,2026-04-28,646.0,644.381
2026-04-28T17:45:44-04:00,2026-04-28,646.7,644.5
2026-04-28T18:39:40-04:00,2026-04-28,646.798,644.8910000000001
2026-04-28T19:33:54-04:00,2026-04-28,646.5,644.11
2026-04-28T21:18:16-04:00,2026-04-28,646.999,644.2
2026-04-29T00:41:15-04:00,2026-04-29,646.99,641.8005
2026-04-29T03:08:25-04:00,2026-04-29,647.9300000000001,640.0
2026-04-29T05:22:05-04:00,2026-04-29,647.7995,640.1500000000001
2026-04-29T07:10:41-04:00,2026-04-29,646.525,642.55
2026-04-29T08:52:16-04:00,2026-04-29,645.575,644.0
2026-04-29T10:59:39-04:00,2026-04-29,644.999,643.2
2026-04-29T12:28:41-04:00,2026-04-29,645.7,644.0
2026-04-29T13:56:51-04:00,2026-04-29,645.7,645.0005
2026-04-29T15:15:19-04:00,2026-04-29,646.06,644.435
2026-04-29T16:35:15-04:00,2026-04-29,645.749,643.001
2026-04-29T17:41:35-04:00,2026-04-29,639.0,635.5
2026-04-29T18:38:08-04:00,2026-04-29,639.885,636.0015
2026-04-29T19:32:29-04:00,2026-04-29,635.295,631.0029999999999
2026-04-29T21:17:55-04:00,2026-04-29,634.0,630.9
2026-04-30T00:44:29-04:00,2026-04-30,634.9495,628.0
2026-04-30T03:14:36-04:00,2026-04-30,635.4,626.905
2026-04-30T05:25:47-04:00,2026-04-30,635.96,626.5
2026-04-30T07:12:17-04:00,2026-04-30,634.0,628.2
2026-04-30T08:52:44-04:00,2026-04-30,637.675,634.0
2026-04-30T10:54:29-04:00,2026-04-30,634.4695,631.8064999999999
2026-04-30T12:10:40-04:00,2026-04-30,632.465,630.111
2026-04-30T13:42:52-04:00,2026-04-30,631.9,629.426
2026-04-30T14:56:58-04:00,2026-04-30,631.599,628.3165
2026-04-30T16:06:51-04:00,2026-04-30,631.7,629.24
2026-04-30T17:13:14-04:00,2026-04-30,632.87,629.0360000000001
2026-04-30T18:08:40-04:00,2026-04-30,632.8,629.0005
2026-04-30T19:06:52-04:00,2026-04-30,632.326,629.1990000000001
2026-04-30T20:01:13-04:00,2026-04-30,632.1,629.0005
2026-04-30T23:56:04-04:00,2026-04-30,633.5445,628.0
2026-05-01T02:31:56-04:00,2026-05-01,634.2950000000001,625.75
2026-05-01T04:29:53-04:00,2026-05-01,634.5995,625.505
2026-05-01T06:05:47-04:00,2026-05-01,634.5495000000001,626.28
2026-05-01T07:18:29-04:00,2026-05-01,633.9,628.53
2026-05-01T08:08:20-04:00,2026-05-01,633.9200000000001,629.375
2026-05-01T09:50:55-04:00,2026-05-01,635.3995,632.094
2026-05-01T10:42:02-04:00,2026-05-01,635.0,632.2825
2026-05-01T11:38:23-04:00,2026-05-01,634.1,631.5
2026-05-01T12:35:11-04:00,2026-05-01,633.62,630.995
2026-05-01T13:35:27-04:00,2026-05-01,632.999,630.41
2026-05-01T14:42:31-04:00,2026-05-01,633.0,631.2055
2026-05-01T15:50:34-04:00,2026-05-01,633.9985,632.13
2026-05-01T16:37:46-04:00,2026-05-01,634.525,632.201
2026-05-01T17:31:23-04:00,2026-05-01,634.5,631.95
2026-05-01T18:25:57-04:00,2026-05-01,634.1995,631.0
2026-05-01T19:12:33-04:00,2026-05-01,633.39,630.3505
2026-05-01T20:04:53-04:00,2026-05-01,633.3,630.005
2026-05-01T23:43:52-04:00,2026-05-01,634.285,629.2055
2026-05-02T01:55:12-04:00,2026-05-02,634.999,628.0
2026-05-02T03:18:31-04:00,2026-05-02,635.0,627.0
2026-05-02T04:45:16-04:00,2026-05-02,635.0,626.325
2026-05-02T05:46:29-04:00,2026-05-02,635.0,626.625
2026-05-02T06:36:00-04:00,2026-05-02,634.9,628.3005
2026-05-02T07:27:04-04:00,2026-05-02,634.783,629.615
2026-05-02T08:05:32-04:00,2026-05-02,634.2395,630.0799999999999
2026-05-02T09:42:31-04:00,2026-05-02,633.9445000000001,630.695
2026-05-02T10:32:49-04:00,2026-05-02,633.6995,630.6505
2026-05-02T11:24:58-04:00,2026-05-02,633.2995,631.6
2026-05-02T12:05:02-04:00,2026-05-02,633.2,631.925
2026-05-02T13:01:39-04:00,2026-05-02,633.925,631.7295
2026-05-02T13:52:06-04:00,2026-05-02,633.99,631.5
2026-05-02T14:37:06-04:00,2026-05-02,634.0,631.906
2026-05-02T15:38:47-04:00,2026-05-02,634.199,631.2
2026-05-02T16:08:17-04:00,2026-05-02,634.0,631.2065
2026-05-02T16:57:14-04:00,2026-05-02,633.899,630.8605
2026-05-02T17:35:49-04:00,2026-05-02,633.781,630.3005
2026-05-02T18:09:06-04:00,2026-05-02,633.0,629.501
2026-05-02T19:00:45-04:00,2026-05-02,631.9965,628.6
2026-05-02T19:51:35-04:00,2026-05-02,631.9,628.7
2026-05-02T21:22:32-04:00,2026-05-02,632.4985,628.875
2026-05-03T00:51:07-04:00,2026-05-03,634.0,628.0
2026-05-03T03:11:46-04:00,2026-05-03,634.645,626.585
2026-05-03T04:56:33-04:00,2026-05-03,634.8955000000001,626.1134999999999
2026-05-03T06:00:01-04:00,2026-05-03,634.695,626.4780000000001
2026-05-03T06:56:10-04:00,2026-05-03,634.27,628.0
2026-05-03T07:36:36-04:00,2026-05-03,634.2695,628.6
2026-05-03T08:09:26-04:00,2026-05-03,634.115,629.4705
2026-05-03T09:45:47-04:00,2026-05-03,634.0,630.6195
2026-05-03T10:34:41-04:00,2026-05-03,633.99,630.4
2026-05-03T11:24:34-04:00,2026-05-03,633.9545,630.8355
2026-05-03T12:05:06-04:00,2026-05-03,633.9,631.35
2026-05-03T13:02:54-04:00,2026-05-03,633.3,631.06
2026-05-03T13:53:41-04:00,2026-05-03,633.4995,631.5
2026-05-03T14:37:50-04:00,2026-05-03,633.395,631.2105
2026-05-03T15:38:16-04:00,2026-05-03,633.3675000000001,631.0005
2026-05-03T16:22:16-04:00,2026-05-03,633.057,631.0
2026-05-03T17:05:57-04:00,2026-05-03,633.3985,630.937
2026-05-03T17:55:42-04:00,2026-05-03,633.2,630.665
2026-05-03T18:31:31-04:00,2026-05-03,633.3945,630.425
2026-05-03T19:11:49-04:00,2026-05-03,633.2,630.55
2026-05-03T20:01:59-04:00,2026-05-03,633.0,630.16
2026-05-03T23:58:13-04:00,2026-05-03,633.875,628.9005
2026-05-04T02:37:00-04:00,2026-05-04,634.0,627.2
2026-05-04T05:05:11-04:00,2026-05-04,634.0,627.0
2026-05-04T07:11:42-04:00,2026-05-04,633.4995,628.6275
2026-05-04T08:54:47-04:00,2026-05-04,645.0,640.0029999999999
2026-05-04T11:01:12-04:00,2026-05-04,648.9145,646.565
2026-05-04T12:52:51-04:00,2026-05-04,647.0,645.0505
2026-05-04T14:07:26-04:00,2026-05-04,647.305,645.575
2026-05-04T15:52:45-04:00,2026-05-04,646.0,643.915
2026-05-04T16:54:15-04:00,2026-05-04,643.9,640.25
2026-05-04T17:49:05-04:00,2026-05-04,643.0,640.5755
2026-05-04T18:42:57-04:00,2026-05-04,643.4,641.1
2026-05-04T19:34:48-04:00,2026-05-04,643.692,642.2
2026-05-04T21:14:12-04:00,2026-05-04,646.0,644.05
2026-05-05T00:26:51-04:00,2026-05-05,650.0,644.0
2026-05-05T02:33:10-04:00,2026-05-05,651.8499999999999,643.0
2026-05-05T04:35:31-04:00,2026-05-05,652.9495,643.1500000000001
2026-05-05T06:22:12-04:00,2026-05-05,650.8879999999999,645.0
2026-05-05T07:43:40-04:00,2026-05-05,653.0,649.1505
2026-05-05T08:55:03-04:00,2026-05-05,650.9985,647.6255
2026-05-05T12:26:34-04:00,2026-05-05,648.0,646.1
2026-05-05T13:57:37-04:00,2026-05-05,648.3985,646.9224999999999
2026-05-05T15:13:34-04:00,2026-05-05,649.0,647.0574999999999
2026-05-05T16:17:26-04:00,2026-05-05,649.5,647.5
2026-05-05T17:16:10-04:00,2026-05-05,649.999,647.5
2026-05-05T18:13:27-04:00,2026-05-05,649.9345,647.3375000000001
2026-05-05T19:11:14-04:00,2026-05-05,650.0,647.5
2026-05-05T20:01:13-04:00,2026-05-05,650.0,648.0115
2026-05-05T23:42:06-04:00,2026-05-05,652.5,647.8845
2026-05-06T02:19:44-04:00,2026-05-06,653.14,645.863
2026-05-06T06:36:32-04:00,2026-05-06,652.5,647.1
2026-05-06T08:17:03-04:00,2026-05-06,650.785,647.51
2026-05-06T10:05:02-04:00,2026-05-06,651.0,649.2
2026-05-06T10:49:17-04:00,2026-05-06,651.3895,649.3064999999999
2026-05-06T12:20:36-04:00,2026-05-06,651.9985,651.105
2026-05-06T13:55:12-04:00,2026-05-06,652.999,651.5055
2026-05-06T15:19:32-04:00,2026-05-06,654.3,653.175
2026-05-06T16:49:19-04:00,2026-05-06,655.9995,655.7864999999999
2026-05-06T17:47:20-04:00,2026-05-06,659.999,657.0005
2026-05-06T18:34:21-04:00,2026-05-06,658.975,656.55
2026-05-06T19:30:03-04:00,2026-05-06,658.785,656.9014999999999
2026-05-06T20:12:35-04:00,2026-05-06,659.0,657.1555
2026-05-07T00:04:05-04:00,2026-05-07,662.14,657.0
2026-05-07T02:46:54-04:00,2026-05-07,662.795,655.5255
2026-05-07T05:16:57-04:00,2026-05-07,662.9000000000001,655.0025
2026-05-07T07:20:43-04:00,2026-05-07,661.9975,658.2674999999999
2026-05-07T10:16:30-04:00,2026-05-07,658.0,656.275
2026-05-07T11:34:01-04:00,2026-05-07,656.0,653.4
2026-05-07T13:19:31-04:00,2026-05-07,655.7495,654.0005
2026-05-07T15:03:14-04:00,2026-05-07,656.992,654.35
2026-05-07T16:21:30-04:00,2026-05-07,656.3995,654.425
2026-05-07T17:16:43-04:00,2026-05-07,656.5,654.185
2026-05-07T18:17:45-04:00,2026-05-07,656.5,654.1175000000001
2026-05-07T19:13:02-04:00,2026-05-07,656.3,654.045
2026-05-07T20:06:19-04:00,2026-05-07,655.8745,652.8254999999999
2026-05-07T23:49:16-04:00,2026-05-07,656.4995,651.815
2026-05-08T01:48:29-04:00,2026-05-08,657.0,650.006
2026-05-08T03:09:34-04:00,2026-05-08,657.0,650.0
2026-05-08T04:47:02-04:00,2026-05-08,657.0,648.9605
2026-05-08T06:10:13-04:00,2026-05-08,656.825,650.165
2026-05-08T07:43:40-04:00,2026-05-08,654.96,651.0055
2026-05-08T08:58:51-04:00,2026-05-08,654.0,651.0
2026-05-08T10:51:10-04:00,2026-05-08,652.0,649.3005
2026-05-08T12:04:56-04:00,2026-05-08,648.4,646.9075
2026-05-08T13:40:40-04:00,2026-05-08,650.0,648.8009999999999
2026-05-08T14:56:08-04:00,2026-05-08,651.895,650.5415
2026-05-08T16:04:02-04:00,2026-05-08,652.7,649.0
2026-05-08T17:12:19-04:00,2026-05-08,651.5,648.72
2026-05-08T18:10:37-04:00,2026-05-08,651.0,649.0765
2026-05-08T19:08:35-04:00,2026-05-08,651.0,649.7505
2026-05-08T20:07:31-04:00,2026-05-08,651.9,650.2705000000001
2026-05-08T23:51:54-04:00,2026-05-08,653.3199999999999,649.0615
2026-05-09T02:06:37-04:00,2026-05-09,653.997,647.5
2026-05-09T04:07:08-04:00,2026-05-09,654.0,646.6255
2026-05-09T05:41:54-04:00,2026-05-09,653.999,646.77
2026-05-09T06:35:51-04:00,2026-05-09,653.6,648.5025
2026-05-09T07:29:14-04:00,2026-05-09,653.0,648.535
2026-05-09T08:09:29-04:00,2026-05-09,652.7,649.0
2026-05-09T09:49:16-04:00,2026-05-09,651.0,649.511
2026-05-09T10:39:31-04:00,2026-05-09,650.96,649.825
2026-05-09T11:33:53-04:00,2026-05-09,650.485,650.0
2026-05-09T12:30:21-04:00,2026-05-09,650.5575,650.0
2026-05-09T13:28:58-04:00,2026-05-09,651.0,650.15
2026-05-09T14:12:54-04:00,2026-05-09,651.0,650.0
2026-05-09T15:32:37-04:00,2026-05-09,651.0,650.5
2026-05-09T16:10:14-04:00,2026-05-09,651.497,650.705
2026-05-09T17:00:43-04:00,2026-05-09,651.9480000000001,651.1505
2026-05-09T17:51:44-04:00,2026-05-09,651.789,650.7005
2026-05-09T18:28:57-04:00,2026-05-09,651.99,651.0025
2026-05-09T19:12:30-04:00,2026-05-09,652.0,651.4555
2026-05-09T20:03:03-04:00,2026-05-09,651.9,651.0105
2026-05-10T00:04:54-04:00,2026-05-10,653.6995,649.0
2026-05-10T02:39:27-04:00,2026-05-10,653.9995,646.9
2026-05-10T04:28:20-04:00,2026-05-10,654.1995,645.5005
2026-05-10T05:53:01-04:00,2026-05-10,654.0,646.0
2026-05-10T06:50:01-04:00,2026-05-10,653.8,648.0505
2026-05-10T07:37:12-04:00,2026-05-10,653.0,648.811
2026-05-10T08:37:26-04:00,2026-05-10,652.525,649.3835
2026-05-10T10:03:37-04:00,2026-05-10,651.8995,650.0
2026-05-10T11:03:48-04:00,2026-05-10,651.4449999999999,650.5
2026-05-10T12:01:50-04:00,2026-05-10,651.5640000000001,650.6
2026-05-10T13:04:11-04:00,2026-05-10,651.2014999999999,652.0
2026-05-10T13:58:44-04:00,2026-05-10,651.514,651.6175000000001
2026-05-10T15:02:49-04:00,2026-05-10,652.0,651.735
2026-05-10T16:01:48-04:00,2026-05-10,652.0,651.9005
2026-05-10T16:57:31-04:00,2026-05-10,652.925,652.0505
2026-05-10T17:43:18-04:00,2026-05-10,653.0,652.55
2026-05-10T18:28:57-04:00,2026-05-10,653.8299999999999,652.7
2026-05-10T19:25:51-04:00,2026-05-10,654.985,652.6125
2026-05-10T20:11:58-04:00,2026-05-10,655.0,652.215
2026-05-11T00:35:05-04:00,2026-05-11,657.2974999999999,651.6
2026-05-11T07:27:44-04:00,2026-05-11,656.501,652.826
2026-05-11T07:32:52-04:00,2026-05-11,656.4895,652.6735
2026-05-11T10:04:50-04:00,2026-05-11,656.9,655.4155000000001
2026-05-11T12:37:54-04:00,2026-05-11,659.0,658.165
2026-05-11T14:21:26-04:00,2026-05-11,664.999,664.2505
2026-05-11T16:07:51-04:00,2026-05-11,665.0,665.2
2026-05-11T17:38:32-04:00,2026-05-11,669.6,667.0
2026-05-11T18:36:08-04:00,2026-05-11,669.9965,668.875
2026-05-11T19:34:30-04:00,2026-05-11,671.0,667.6075000000001
2026-05-11T21:19:22-04:00,2026-05-11,670.0,668.165
2026-05-12T00:49:50-04:00,2026-05-12,671.0,666.1845000000001
2026-05-12T03:33:14-04:00,2026-05-12,671.9945,663.623
2026-05-12T06:07:59-04:00,2026-05-12,670.9825000000001,665.35
2026-05-12T08:08:11-04:00,2026-05-12,668.735,666.0
2026-05-12T10:46:54-04:00,2026-05-12,666.6995,664.2835
2026-05-12T12:57:44-04:00,2026-05-12,667.61,666.206
2026-05-12T14:53:37-04:00,2026-05-12,669.8995,668.0015000000001
2026-05-12T16:21:50-04:00,2026-05-12,670.0,669.1255
2026-05-12T17:44:08-04:00,2026-05-12,670.94,668.9695
2026-05-12T18:45:54-04:00,2026-05-12,670.5,668.6
2026-05-12T19:42:48-04:00,2026-05-12,670.6,668.13
2026-05-12T21:28:22-04:00,2026-05-12,670.899,668.4300000000001
2026-05-13T01:07:14-04:00,2026-05-13,670.0,663.905
2026-05-13T04:08:41-04:00,2026-05-13,670.5,662.2
2026-05-13T06:40:13-04:00,2026-05-13,669.346,665.2105
2026-05-13T08:30:34-04:00,2026-05-13,669.0945,667.0035
2026-05-13T11:24:43-04:00,2026-05-13,675.05,672.9
2026-05-13T13:31:09-04:00,2026-05-13,672.998,670.5005
2026-05-13T15:18:06-04:00,2026-05-13,672.8934999999999,670.3
2026-05-13T16:57:01-04:00,2026-05-13,674.0,672.1275
2026-05-13T18:05:51-04:00,2026-05-13,675.0,672.475
2026-05-13T19:16:26-04:00,2026-05-13,674.094,671.4975
2026-05-13T20:16:28-04:00,2026-05-13,674.0,671.7175
2026-05-14T00:14:02-04:00,2026-05-14,675.2,671.008
2026-05-14T03:21:36-04:00,2026-05-14,676.1895,668.0915
2026-05-14T05:41:41-04:00,2026-05-14,675.9935,669.101
2026-05-14T07:28:20-04:00,2026-05-14,675.5,672.0
2026-05-14T09:14:50-04:00,2026-05-14,678.49,674.8425
2026-05-14T11:33:38-04:00,2026-05-14,675.9925000000001,673.7135000000001
2026-05-14T13:22:25-04:00,2026-05-14,676.999,675.6255
2026-05-14T15:13:02-04:00,2026-05-14,681.62,679.1215
2026-05-14T16:44:51-04:00,2026-05-14,683.185,680.905
2026-05-14T17:50:49-04:00,2026-05-14,686.87,684.2125000000001
2026-05-14T18:44:58-04:00,2026-05-14,690.4895,687.0055
2026-05-14T19:38:43-04:00,2026-05-14,692.1,688.0
2026-05-14T21:27:19-04:00,2026-05-14,692.94,688.8955000000001
2026-05-15T01:09:27-04:00,2026-05-15,694.825,687.221
2026-05-15T04:15:31-04:00,2026-05-15,695.075,685.0
2026-05-15T06:38:22-04:00,2026-05-15,694.736,688.1
2026-05-15T08:20:01-04:00,2026-05-15,694.0,689.6375
2026-05-15T10:39:58-04:00,2026-05-15,701.5245,696.5
2026-05-15T12:22:31-04:00,2026-05-15,689.7995,688.7249999999999
2026-05-15T13:55:30-04:00,2026-05-15,684.0,680.7555
2026-05-15T15:16:29-04:00,2026-05-15,683.184,681.8
2026-05-15T16:35:17-04:00,2026-05-15,689.0,685.347
2026-05-15T17:37:34-04:00,2026-05-15,690.0,688.005
2026-05-15T18:33:46-04:00,2026-05-15,692.9945,690.0
2026-05-15T19:30:39-04:00,2026-05-15,692.999,689.5
2026-05-15T21:16:25-04:00,2026-05-15,692.4495,690.6225
2026-05-16T00:40:29-04:00,2026-05-16,696.5685,689.5
2026-05-16T03:01:35-04:00,2026-05-16,698.875,686.375
2026-05-16T04:52:13-04:00,2026-05-16,699.6995,685.7
2026-05-16T06:05:11-04:00,2026-05-16,698.4995,688.0
2026-05-16T07:11:55-04:00,2026-05-16,697.99,691.275
2026-05-16T08:04:19-04:00,2026-05-16,698.5,693.3
2026-05-16T09:52:40-04:00,2026-05-16,696.7,692.765
2026-05-16T10:44:32-04:00,2026-05-16,692.6,692.7815
2026-05-16T11:41:05-04:00,2026-05-16,694.4739999999999,694.0
2026-05-16T12:35:04-04:00,2026-05-16,696.0,695.1
2026-05-16T13:32:41-04:00,2026-05-16,698.0,695.785
2026-05-16T14:32:48-04:00,2026-05-16,697.2495,695.0509999999999
2026-05-16T15:41:09-04:00,2026-05-16,697.85,695.405
2026-05-16T16:26:30-04:00,2026-05-16,697.985,695.975
2026-05-16T17:08:48-04:00,2026-05-16,698.4765,696.613
2026-05-16T18:01:14-04:00,2026-05-16,699.025,696.0
2026-05-16T18:54:16-04:00,2026-05-16,698.245,694.5825
2026-05-16T19:38:20-04:00,2026-05-16,696.9985,692.5554999999999
2026-05-16T21:28:57-04:00,2026-05-16,697.0,692.6030000000001
2026-05-17T01:09:46-04:00,2026-05-17,699.985,691.4
2026-05-17T03:42:46-04:00,2026-05-17,700.375,689.0
2026-05-17T05:23:07-04:00,2026-05-17,700.5,687.2375
2026-05-17T06:45:25-04:00,2026-05-17,699.869,689.1
2026-05-17T07:45:09-04:00,2026-05-17,699.869,692.502
2026-05-17T08:41:04-04:00,2026-05-17,700.9200000000001,695.35
2026-05-17T10:09:14-04:00,2026-05-17,703.27,698.0
2026-05-17T11:14:49-04:00,2026-05-17,703.1514999999999,699.575
2026-05-17T12:12:08-04:00,2026-05-17,704.5295,700.8
2026-05-17T13:12:31-04:00,2026-05-17,707.9995,704.701
2026-05-17T14:09:08-04:00,2026-05-17,712.3344999999999,707.1600000000001
2026-05-17T15:33:10-04:00,2026-05-17,713.5,709.255
2026-05-17T16:25:52-04:00,2026-05-17,715.785,711.25
2026-05-17T17:12:16-04:00,2026-05-17,716.7445,712.5074999999999
2026-05-17T18:07:30-04:00,2026-05-17,714.7,710.0225
2026-05-17T19:07:13-04:00,2026-05-17,712.0,706.5015
2026-05-17T20:07:18-04:00,2026-05-17,709.444,702.5554999999999
2026-05-18T00:37:49-04:00,2026-05-18,717.15,707.46
2026-05-18T04:33:43-04:00,2026-05-18,718.9945,704.501
2026-05-18T08:00:32-04:00,2026-05-18,715.8,711.0065
2026-05-18T11:41:09-04:00,2026-05-18,720.0,718.0
2026-05-18T13:47:55-04:00,2026-05-18,724.245,720.035
2026-05-18T15:16:26-04:00,2026-05-18,723.675,721.1025
2026-05-18T16:47:42-04:00,2026-05-18,724.2874999999999,721.0
2026-05-18T17:53:01-04:00,2026-05-18,727.9475,723.765
2026-05-18T18:43:50-04:00,2026-05-18,727.0,722.825
2026-05-18T19:45:41-04:00,2026-05-18,726.85,722.5
2026-05-18T21:48:47-04:00,2026-05-18,725.0,720.0
2026-05-19T01:52:07-04:00,2026-05-19,726.6,717.0005
2026-05-19T04:51:14-04:00,2026-05-19,726.945,713.8009999999999
2026-05-19T07:48:26-04:00,2026-05-19,700.0,692.005
2026-05-19T10:18:45-04:00,2026-05-19,702.8230000000001,697.53
2026-05-19T13:18:40-04:00,2026-05-19,711.255,708.1980000000001
2026-05-19T15:19:22-04:00,2026-05-19,712.999,708.96
2026-05-19T16:53:00-04:00,2026-05-19,711.5,708.108
2026-05-19T18:01:55-04:00,2026-05-19,707.9945,703.0
2026-05-19T19:13:08-04:00,2026-05-19,706.999,701.5525
2026-05-19T20:17:44-04:00,2026-05-19,704.99,699.005
2026-05-20T00:39:08-04:00,2026-05-20,702.3499999999999,690.1015
2026-05-20T04:04:09-04:00,2026-05-20,703.2985,685.175
2026-05-20T07:16:12-04:00,2026-05-20,695.0,687.552
2026-05-20T09:46:58-04:00,2026-05-20,711.5,707.1435
2026-05-20T12:39:21-04:00,2026-05-20,710.0,706.526
2026-05-20T15:05:06-04:00,2026-05-20,712.45,710.5
2026-05-20T17:06:01-04:00,2026-05-20,714.4995,710.8775
2026-05-20T18:40:47-04:00,2026-05-20,714.9,712.015
2026-05-20T19:52:31-04:00,2026-05-20,715.285,711.2
2026-05-20T21:50:09-04:00,2026-05-20,715.799,712.0
2026-05-21T01:56:17-04:00,2026-05-21,716.8895,708.5699999999999
2026-05-21T04:59:51-04:00,2026-05-21,716.9,705.7655
2026-05-21T08:16:03-04:00,2026-05-21,716.8,713.0
2026-05-21T11:52:01-04:00,2026-05-21,713.8,711.0
2026-05-21T13:47:27-04:00,2026-05-21,714.0,711.085
2026-05-21T15:29:42-04:00,2026-05-21,714.0,711.0
2026-05-21T17:12:38-04:00,2026-05-21,715.0,713.0325
2026-05-21T18:40:30-04:00,2026-05-21,715.99,713.5
2026-05-21T19:39:09-04:00,2026-05-21,715.3445,713.0
2026-05-21T21:33:35-04:00,2026-05-21,715.9385,713.0
2026-05-22T01:44:32-04:00,2026-05-22,715.7635,706.3
2026-05-22T04:39:10-04:00,2026-05-22,715.9995,705.0509999999999
2026-05-22T07:28:04-04:00,2026-05-22,713.0,707.8505
2026-05-22T09:42:02-04:00,2026-05-22,713.0,709.2
2026-05-22T12:05:07-04:00,2026-05-22,713.9259999999999,710.8555
2026-05-22T13:59:59-04:00,2026-05-22,713.1990000000001,713.0
2026-05-22T15:50:20-04:00,2026-05-22,719.8,717.8
2026-05-22T17:00:25-04:00,2026-05-22,719.8,717.715
2026-05-22T18:11:15-04:00,2026-05-22,719.9995,719.1724999999999
2026-05-22T19:18:01-04:00,2026-05-22,721.15,720.575
2026-05-22T20:16:40-04:00,2026-05-22,722.075,721.0
2026-05-23T00:09:31-04:00,2026-05-23,724.3995,717.6605
2026-05-23T02:43:09-04:00,2026-05-23,726.275,716.0
2026-05-23T04:53:05-04:00,2026-05-23,726.384,715.0005
2026-05-23T06:17:50-04:00,2026-05-23,725.6805,717.075
2026-05-23T07:37:04-04:00,2026-05-23,724.5889999999999,719.5
2026-05-23T08:39:40-04:00,2026-05-23,725.1,722.125
2026-05-23T10:12:11-04:00,2026-05-23,726.5,724.05
2026-05-23T11:18:43-04:00,2026-05-23,725.7,724.75
2026-05-23T13:17:54-04:00,2026-05-23,728.9,725.4
2026-05-23T14:12:08-04:00,2026-05-23,727.8,727.135
2026-05-23T15:36:33-04:00,2026-05-23,726.8,723.575
2026-05-23T16:28:57-04:00,2026-05-23,723.985,720.51
2026-05-23T17:25:57-04:00,2026-05-23,723.9625000000001,720.0844999999999
2026-05-23T18:12:34-04:00,2026-05-23,722.4995,719.5
2026-05-23T19:10:41-04:00,2026-05-23,721.0,718.0005
2026-05-23T20:09:55-04:00,2026-05-23,720.825,718.13
2026-05-24T00:36:16-04:00,2026-05-24,724.957,717.155
2026-05-24T03:38:34-04:00,2026-05-24,725.999,715.0
2026-05-24T05:30:21-04:00,2026-05-24,726.315,715.8
2026-05-24T06:55:21-04:00,2026-05-24,725.695,717.75
2026-05-24T07:57:50-04:00,2026-05-24,725.94,719.5
2026-05-24T09:19:26-04:00,2026-05-24,724.985,719.645
2026-05-24T10:44:15-04:00,2026-05-24,721.6,718.0
2026-05-24T11:47:23-04:00,2026-05-24,721.8,719.3164999999999
2026-05-24T12:44:34-04:00,2026-05-24,723.0,720.0505
2026-05-24T13:41:46-04:00,2026-05-24,723.0,719.5
2026-05-24T14:46:33-04:00,2026-05-24,722.8995,719.475
2026-05-24T15:52:21-04:00,2026-05-24,722.5995,719.605
2026-05-24T16:39:18-04:00,2026-05-24,722.3995,719.0
2026-05-24T17:36:09-04:00,2026-05-24,721.35,718.695
2026-05-24T18:36:04-04:00,2026-05-24,721.99,717.7850000000001
2026-05-24T19:38:45-04:00,2026-05-24,721.3,717.2555
2026-05-24T21:35:49-04:00,2026-05-24,720.784,716.107
2026-05-25T02:06:11-04:00,2026-05-25,720.7,710.0
2026-05-25T06:43:26-04:00,2026-05-25,718.4495,710.0
2026-05-25T09:48:48-04:00,2026-05-25,720.515,718.2505
2026-05-25T12:09:59-04:00,2026-05-25,723.9995,723.1005
2026-05-25T13:53:03-04:00,2026-05-25,727.9935,726.506
2026-05-25T15:09:16-04:00,2026-05-25,730.8499999999999,731.1500000000001
2026-05-25T16:41:15-04:00,2026-05-25,733.5,730.933
2026-05-25T17:50:11-04:00,2026-05-25,733.0,731.6500000000001
2026-05-25T18:45:29-04:00,2026-05-25,734.0,733.2755
2026-05-25T19:46:09-04:00,2026-05-25,734.988,731.3505
2026-05-25T21:30:57-04:00,2026-05-25,733.3,728.895
2026-05-26T01:43:24-04:00,2026-05-26,732.97,723.6075000000001
2026-05-26T04:55:06-04:00,2026-05-26,733.0,721.0
2026-05-26T09:15:09-04:00,2026-05-26,738.235,733.45
2026-05-26T10:36:18-04:00,2026-05-26,740.4995,737.31
2026-05-26T13:46:06-04:00,2026-05-26,739.0,736.5
2026-05-26T15:46:34-04:00,2026-05-26,740.0,736.89
2026-05-26T17:20:08-04:00,2026-05-26,739.5995,736.011
2026-05-26T18:42:07-04:00,2026-05-26,739.2,735.75
2026-05-26T19:46:32-04:00,2026-05-26,737.51,734.5155
2026-05-26T21:52:42-04:00,2026-05-26,734.5,731.0005
2026-05-27T02:04:29-04:00,2026-05-27,735.925,726.0
2026-05-27T06:15:15-04:00,2026-05-27,735.0,727.4005
2026-05-27T09:48:54-04:00,2026-05-27,733.5,728.0
2026-05-27T12:53:25-04:00,2026-05-27,737.4,734.5
2026-05-27T15:09:30-04:00,2026-05-27,738.0,736.0
2026-05-27T17:07:37-04:00,2026-05-27,738.41,736.48
2026-05-27T18:48:52-04:00,2026-05-27,738.5,737.101
2026-05-27T19:49:40-04:00,2026-05-27,738.999,735.7375
2026-05-27T21:27:24-04:00,2026-05-27,738.999,735.5
2026-05-28T01:44:49-04:00,2026-05-28,739.999,731.0
2026-05-28T05:04:40-04:00,2026-05-28,739.989,731.0
2026-05-28T08:39:47-04:00,2026-05-28,738.4895,735.65
2026-05-28T12:41:49-04:00,2026-05-28,746.4995,743.3775
2026-05-28T15:19:35-04:00,2026-05-28,746.0,743.5
2026-05-28T17:23:37-04:00,2026-05-28,748.4995,745.705
2026-05-28T18:48:52-04:00,2026-05-28,748.385,744.1
2026-05-28T19:56:35-04:00,2026-05-28,745.0,741.475
2026-05-28T22:37:30-04:00,2026-05-28,744.999,740.995
2026-05-29T02:40:20-04:00,2026-05-29,745.3945,735.065
2026-05-29T06:33:47-04:00,2026-05-29,744.99,738.3005
2026-05-29T09:44:43-04:00,2026-05-29,743.185,738.5015
2026-05-29T13:01:48-04:00,2026-05-29,735.0,730.5989999999999
2026-05-29T15:35:48-04:00,2026-05-29,729.8,725.0
2026-05-29T17:24:15-04:00,2026-05-29,733.9995,728.1755
2026-05-29T18:49:18-04:00,2026-05-29,732.0,728.315
2026-05-29T19:57:38-04:00,2026-05-29,732.999,728.9559999999999
2026-05-29T22:43:38-04:00,2026-05-29,735.5,730.0
2026-05-30T02:03:16-04:00,2026-05-30,737.0,726.0
2026-05-30T04:37:46-04:00,2026-05-30,737.9995,724.9645
2026-05-30T06:25:46-04:00,2026-05-30,736.9935,727.2
2026-05-30T07:49:32-04:00,2026-05-30,736.65,730.5
2026-05-30T08:51:13-04:00,2026-05-30,736.0,731.9355
2026-05-30T10:19:49-04:00,2026-05-30,735.4225,731.2384999999999
2026-05-30T11:39:33-04:00,2026-05-30,731.4945,728.0
2026-05-30T12:38:52-04:00,2026-05-30,732.999,729.675
2026-05-30T13:41:56-04:00,2026-05-30,733.0,730.0509999999999
2026-05-30T14:46:02-04:00,2026-05-30,732.9995,730.0
2026-05-30T15:55:56-04:00,2026-05-30,732.8119999999999,730.1155
2026-05-30T16:45:29-04:00,2026-05-30,732.999,731.155
2026-05-30T17:42:47-04:00,2026-05-30,733.4665,730.0
2026-05-30T18:37:47-04:00,2026-05-30,733.4,730.0
2026-05-30T19:37:47-04:00,2026-05-30,732.9,729.2
2026-05-30T21:37:26-04:00,2026-05-30,735.3399999999999,731.355
2026-05-31T02:00:42-04:00,2026-05-31,738.998,728.0
2026-05-31T04:52:34-04:00,2026-05-31,740.0,726.0
2026-05-31T06:49:08-04:00,2026-05-31,739.8,729.55
2026-05-31T08:04:58-04:00,2026-05-31,739.845,732.5
2026-05-31T10:06:22-04:00,2026-05-31,738.8,733.9984999999999
2026-05-31T11:36:43-04:00,2026-05-31,739.9,734.447
2026-05-31T12:43:16-04:00,2026-05-31,737.5,734.1
2026-05-31T13:44:16-04:00,2026-05-31,738.499,733.6155
2026-05-31T14:49:53-04:00,2026-05-31,736.989,733.0550000000001
2026-05-31T15:56:54-04:00,2026-05-31,736.989,732.9515
2026-05-31T16:52:52-04:00,2026-05-31,736.9,733.415
2026-05-31T17:44:00-04:00,2026-05-31,737.425,733.701
2026-05-31T18:40:43-04:00,2026-05-31,737.999,733.5
2026-05-31T19:43:03-04:00,2026-05-31,737.2,732.775
2026-05-31T22:00:11-04:00,2026-05-31,737.9,733.33
2026-06-01T03:01:25-04:00,2026-06-01,740.0,727.1500000000001
2026-06-01T08:42:29-04:00,2026-06-01,726.5450000000001,714.25
2026-06-01T14:27:14-04:00,2026-06-01,739.0,736.7075
2026-06-01T17:47:43-04:00,2026-06-01,734.6925000000001,729.5005
2026-06-01T19:17:22-04:00,2026-06-01,732.99,729.1
2026-06-01T21:38:11-04:00,2026-06-01,728.0,724.0
2026-06-02T02:18:50-04:00,2026-06-02,728.0,713.155
2026-06-02T06:57:25-04:00,2026-06-02,722.5999999999999,712.56
2026-06-02T10:49:05-04:00,2026-06-02,735.999,732.374
2026-06-02T14:26:23-04:00,2026-06-02,736.3495,734.0
2026-06-02T17:27:54-04:00,2026-06-02,737.0,735.1
2026-06-02T19:14:23-04:00,2026-06-02,733.4884999999999,728.5125
2026-06-02T21:47:19-04:00,2026-06-02,735.0,731.42
2026-06-03T02:32:34-04:00,2026-06-03,736.998,726.0
2026-06-03T07:28:53-04:00,2026-06-03,735.575,731.25
2026-06-03T11:59:54-04:00,2026-06-03,739.0,736.1
2026-06-03T15:50:37-04:00,2026-06-03,741.435,740.0
2026-06-03T18:17:12-04:00,2026-06-03,743.0,741.2605000000001
2026-06-03T20:03:43-04:00,2026-06-03,742.5,740.0005
2026-06-04T00:58:17-04:00,2026-06-04,745.0,736.9549999999999
2026-06-04T04:46:08-04:00,2026-06-04,746.24,735.25
2026-06-04T07:40:03-04:00,2026-06-04,743.694,739.4014999999999
2026-06-04T10:19:52-04:00,2026-06-04,747.0,744.0
2026-06-04T13:24:52-04:00,2026-06-04,748.9,745.0
2026-06-04T15:34:54-04:00,2026-06-04,750.0495000000001,747.2
2026-06-04T17:14:59-04:00,2026-06-04,747.915,745.0
2026-06-04T18:45:55-04:00,2026-06-04,749.0,745.275
2026-06-04T19:52:54-04:00,2026-06-04,747.8,744.0
2026-06-04T21:56:02-04:00,2026-06-04,747.9985,744.225
2026-06-05T02:14:33-04:00,2026-06-05,748.9,740.0
2026-06-05T06:16:02-04:00,2026-06-05,748.0,740.5255
2026-06-05T09:25:52-04:00,2026-06-05,751.051,747.0525
2026-06-05T12:11:11-04:00,2026-06-05,750.6485,746.8
2026-06-05T14:06:13-04:00,2026-06-05,751.475,750.0
2026-06-05T16:06:56-04:00,2026-06-05,755.7,753.0585
2026-06-05T17:41:47-04:00,2026-06-05,757.2,754.325
2026-06-05T18:46:31-04:00,2026-06-05,759.9985,757.635
2026-06-05T19:51:21-04:00,2026-06-05,761.8,757.825
2026-06-05T21:47:31-04:00,2026-06-05,764.725,760.0005
2026-06-06T01:41:47-04:00,2026-06-06,767.994,756.9005
2026-06-06T04:10:52-04:00,2026-06-06,769.6,756.0
2026-06-06T06:19:21-04:00,2026-06-06,768.0,757.5
2026-06-06T07:47:29-04:00,2026-06-06,767.292,761.0029999999999
2026-06-06T08:56:10-04:00,2026-06-06,766.99,762.2405
2026-06-06T10:24:53-04:00,2026-06-06,761.5,757.9055000000001
2026-06-06T11:46:13-04:00,2026-06-06,759.1385,758.0255
2026-06-06T12:48:26-04:00,2026-06-06,759.3445,758.0
2026-06-06T13:52:46-04:00,2026-06-06,760.9995,759.0
2026-06-06T14:57:58-04:00,2026-06-06,759.9,756.0055
2026-06-06T16:07:00-04:00,2026-06-06,759.4,757.62
2026-06-06T17:14:35-04:00,2026-06-06,759.0,758.7195
2026-06-06T18:17:00-04:00,2026-06-06,760.8855,757.0
2026-06-06T19:17:57-04:00,2026-06-06,759.5,758.0
2026-06-06T21:33:16-04:00,2026-06-06,761.8695,758.6
2026-06-07T02:05:03-04:00,2026-06-07,765.05,754.8355
2026-06-07T05:30:43-04:00,2026-06-07,765.9395,753.2505
2026-06-07T07:19:39-04:00,2026-06-07,764.165,756.0
2026-06-07T08:52:27-04:00,2026-06-07,763.999,758.045
2026-06-07T10:43:32-04:00,2026-06-07,763.0095,759.3054999999999
2026-06-07T11:58:44-04:00,2026-06-07,762.99,760.054
2026-06-07T13:15:40-04:00,2026-06-07,762.5,758.5005
2026-06-07T14:39:52-04:00,2026-06-07,760.9,759.11
2026-06-07T15:58:38-04:00,2026-06-07,762.0,759.6
2026-06-07T17:11:18-04:00,2026-06-07,762.4300000000001,759.875
2026-06-07T18:16:23-04:00,2026-06-07,763.0,760.0
2026-06-07T19:30:56-04:00,2026-06-07,763.0,759.9
2026-06-07T21:41:05-04:00,2026-06-07,764.0,760.1925
2026-06-08T02:22:52-04:00,2026-06-08,767.47,756.8544999999999
2026-06-08T07:22:38-04:00,2026-06-08,764.8779999999999,759.002
2026-06-08T10:53:58-04:00,2026-06-08,763.6700000000001,761.255
2026-06-08T13:40:01-04:00,2026-06-08,764.894,761.8
2026-06-08T15:50:32-04:00,2026-06-08,766.88,763.8255
2026-06-08T17:28:50-04:00,2026-06-08,766.0,764.1075000000001
2026-06-08T18:55:41-04:00,2026-06-08,766.0,762.7
2026-06-08T19:57:16-04:00,2026-06-08,764.335,760.1045
2026-06-08T22:41:13-04:00,2026-06-08,757.54,752.1
2026-06-09T02:34:50-04:00,2026-06-09,758.845,745.1005
2026-06-09T06:10:21-04:00,2026-06-09,757.6995,748.2045
2026-06-09T08:49:54-04:00,2026-06-09,765.0,760.0
2026-06-09T11:45:55-04:00,2026-06-09,768.633,765.306
2026-06-09T13:47:08-04:00,2026-06-09,773.5,772.0505
2026-06-09T15:49:14-04:00,2026-06-09,778.5,774.713
2026-06-09T17:25:00-04:00,2026-06-09,775.45,774.5025
2026-06-09T18:54:56-04:00,2026-06-09,776.9995,774.1085
2026-06-09T20:03:47-04:00,2026-06-09,777.0,774.6
2026-06-10T00:39:41-04:00,2026-06-10,778.65,771.8005
2026-06-10T04:33:54-04:00,2026-06-10,780.1505,769.905
2026-06-10T07:54:27-04:00,2026-06-10,778.0,773.5025
2026-06-10T10:44:56-04:00,2026-06-10,781.47,778.0
2026-06-10T13:44:42-04:00,2026-06-10,798.9895,796.5
2026-06-10T15:57:47-04:00,2026-06-10,806.3775,804.2
2026-06-10T17:58:11-04:00,2026-06-10,810.55,808.575
2026-06-10T19:23:28-04:00,2026-06-10,812.1385,809.4300000000001
2026-06-10T21:44:05-04:00,2026-06-10,812.6645,809.1005
2026-06-11T02:26:14-04:00,2026-06-11,814.936,800.005
2026-06-11T07:06:15-04:00,2026-06-11,812.4845,805.5765
2026-06-11T10:50:58-04:00,2026-06-11,832.0,828.61
2026-06-11T13:57:37-04:00,2026-06-11,831.75,829.5215000000001
2026-06-11T16:14:16-04:00,2026-06-11,820.8995,815.9575
2026-06-11T18:16:05-04:00,2026-06-11,809.8,805.5
2026-06-11T19:54:25-04:00,2026-06-11,813.0,808.4549999999999
2026-06-11T22:08:03-04:00,2026-06-11,811.0,805.275
2026-06-12T02:53:36-04:00,2026-06-12,814.1220000000001,801.04
2026-06-12T06:54:26-04:00,2026-06-12,813.0,805.0095
2026-06-12T09:56:13-04:00,2026-06-12,804.9,795.8
2026-06-12T12:39:28-04:00,2026-06-12,796.0,790.0
2026-06-12T14:28:32-04:00,2026-06-12,794.895,790.355
2026-06-12T16:34:21-04:00,2026-06-12,799.04,794.13
2026-06-12T18:10:04-04:00,2026-06-12,794.999,790.9
2026-06-12T19:45:50-04:00,2026-06-12,799.0,794.6865
2026-06-12T21:53:02-04:00,2026-06-12,800.3499999999999,795.6410000000001
2026-06-13T02:03:54-04:00,2026-06-13,805.0,791.0065
2026-06-13T05:29:41-04:00,2026-06-13,804.9885,789.4055000000001
2026-06-13T07:28:10-04:00,2026-06-13,801.998,794.525
2026-06-13T09:02:47-04:00,2026-06-13,800.998,796.605
2026-06-13T11:04:11-04:00,2026-06-13,798.1995,796.705
2026-06-13T12:24:49-04:00,2026-06-13,798.5,795.6790000000001
2026-06-13T13:49:43-04:00,2026-06-13,798.9,797.0535
2026-06-13T15:00:32-04:00,2026-06-13,799.0,796.425
2026-06-13T16:18:26-04:00,2026-06-13,798.5,797.475
2026-06-13T17:39:58-04:00,2026-06-13,799.0,796.7905000000001
2026-06-13T18:43:56-04:00,2026-06-13,798.99,796.76
2026-06-13T19:46:51-04:00,2026-06-13,798.7995,796.9055
2026-06-13T22:02:25-04:00,2026-06-13,800.0,797.5
2026-06-14T02:49:52-04:00,2026-06-14,804.999,790.031
2026-06-14T06:16:00-04:00,2026-06-14,804.895,788.0
2026-06-14T08:15:52-04:00,2026-06-14,802.6995,795.1255
2026-06-14T10:29:41-04:00,2026-06-14,802.5699999999999,797.745
2026-06-14T12:05:48-04:00,2026-06-14,801.3975,797.7025000000001
2026-06-14T13:39:46-04:00,2026-06-14,800.7495,797.315
2026-06-14T14:54:40-04:00,2026-06-14,800.0,797.525
2026-06-14T16:13:19-04:00,2026-06-14,800.1410000000001,798.2
2026-06-14T17:38:58-04:00,2026-06-14,801.6495,798.6505
2026-06-14T18:48:04-04:00,2026-06-14,802.095,797.9
2026-06-14T19:54:09-04:00,2026-06-14,801.3140000000001,798.0
2026-06-14T22:09:21-04:00,2026-06-14,801.55,796.378
2026-06-15T03:34:36-04:00,2026-06-15,804.0,787.9335
2026-06-15T09:34:17-04:00,2026-06-15,788.98,782.0160000000001
2026-06-15T14:11:18-04:00,2026-06-15,797.0,796.806
2026-06-15T17:18:59-04:00,2026-06-15,801.5,798.0
2026-06-15T19:11:53-04:00,2026-06-15,801.999,798.0
2026-06-15T21:45:56-04:00,2026-06-15,803.0,798.875
2026-06-16T03:07:41-04:00,2026-06-16,799.985,781.0
2026-06-16T08:19:35-04:00,2026-06-16,784.4945,773.3399999999999
2026-06-16T13:25:00-04:00,2026-06-16,792.6495,787.2574999999999
2026-06-16T16:21:31-04:00,2026-06-16,802.0,797.995
2026-06-16T18:24:27-04:00,2026-06-16,803.0,800.9
2026-06-16T19:52:18-04:00,2026-06-16,802.94,800.9870000000001
2026-06-16T22:07:49-04:00,2026-06-16,803.0,795.451
2026-06-17T03:24:46-04:00,2026-06-17,802.0,784.475
2026-06-17T11:33:01-04:00,2026-06-17,790.36,784.3205
2026-06-17T14:02:50-04:00,2026-06-17,799.99,795.0125
2026-06-17T16:25:48-04:00,2026-06-17,802.49,797.55
2026-06-17T18:17:53-04:00,2026-06-17,802.9995,798.425
2026-06-17T19:52:14-04:00,2026-06-17,799.9929999999999,795.2525
2026-06-17T22:05:50-04:00,2026-06-17,795.8945,787.89
2026-06-18T03:02:20-04:00,2026-06-18,790.25,765.185
2026-06-18T07:13:34-04:00,2026-06-18,782.2995,772.4105
2026-06-18T10:21:24-04:00,2026-06-18,801.3,798.2
2026-06-18T13:34:57-04:00,2026-06-18,804.9975,800.101
2026-06-18T15:50:18-04:00,2026-06-18,805.345,803.555
2026-06-18T17:52:32-04:00,2026-06-18,800.0,795.0
2026-06-18T19:25:05-04:00,2026-06-18,800.1945000000001,796.28
2026-06-18T22:11:18-04:00,2026-06-18,798.0,792.3
2026-06-19T03:25:03-04:00,2026-06-19,800.0,785.0505
2026-06-19T07:45:03-04:00,2026-06-19,801.0,798.5
2026-06-19T10:29:04-04:00,2026-06-19,804.289,798.3
2026-06-19T12:57:37-04:00,2026-06-19,803.1645,799.0
2026-06-19T14:51:48-04:00,2026-06-19,803.4,799.7005
2026-06-19T16:21:39-04:00,2026-06-19,804.8,801.4
2026-06-19T17:38:30-04:00,2026-06-19,804.8,801.8725
2026-06-19T18:33:31-04:00,2026-06-19,805.0,802.2505
2026-06-19T19:41:10-04:00,2026-06-19,805.99,803.1800000000001
2026-06-19T21:50:25-04:00,2026-06-19,809.0005,804.1
2026-06-20T02:04:39-04:00,2026-06-20,813.8995,802.55
2026-06-20T05:31:52-04:00,2026-06-20,814.0,800.1500000000001
2026-06-20T07:30:07-04:00,2026-06-20,813.0,806.5
2026-06-20T09:05:57-04:00,2026-06-20,811.5,806.21
2026-06-20T11:07:51-04:00,2026-06-20,806.0,802.795
2026-06-20T12:44:06-04:00,2026-06-20,806.0,804.0
2026-06-20T13:59:46-04:00,2026-06-20,804.9970000000001,801.85
2026-06-20T15:39:42-04:00,2026-06-20,803.6995,799.0035
2026-06-20T16:53:03-04:00,2026-06-20,801.999,799.626
2026-06-20T17:56:58-04:00,2026-06-20,801.0,796.6
2026-06-20T19:01:47-04:00,2026-06-20,799.575,795.26
2026-06-20T20:16:08-04:00,2026-06-20,799.0,796.0029999999999
2026-06-21T01:19:19-04:00,2026-06-21,804.0,793.0
2026-06-21T05:04:06-04:00,2026-06-21,805.0,790.0
2026-06-21T07:49:28-04:00,2026-06-21,802.3,795.0
2026-06-21T09:26:42-04:00,2026-06-21,800.8695,796.5
2026-06-21T11:21:31-04:00,2026-06-21,798.0,795.355
2026-06-21T12:56:49-04:00,2026-06-21,797.9245,794.375
2026-06-21T14:15:22-04:00,2026-06-21,796.0,791.5
2026-06-21T16:03:18-04:00,2026-06-21,791.4995,786.11
2026-06-21T17:23:42-04:00,2026-06-21,789.999,786.1595
2026-06-21T18:38:05-04:00,2026-06-21,784.8344999999999,777.0
2026-06-21T19:54:06-04:00,2026-06-21,780.0,776.0
2026-06-21T22:12:48-04:00,2026-06-21,775.5,768.0
2026-06-22T03:40:25-04:00,2026-06-22,780.0,751.0
2026-06-22T09:16:09-04:00,2026-06-22,790.0,785.0
2026-06-22T13:52:35-04:00,2026-06-22,796.999,794.0
2026-06-22T16:25:33-04:00,2026-06-22,796.89,791.7529999999999
2026-06-22T18:19:33-04:00,2026-06-22,793.875,789.005
2026-06-22T19:45:30-04:00,2026-06-22,785.999,784.0005
2026-06-22T21:34:52-04:00,2026-06-22,789.998,784.4100000000001
2026-06-23T01:49:01-04:00,2026-06-23,789.94,778.1195
2026-06-23T04:49:36-04:00,2026-06-23,790.925,775.3979999999999
2026-06-23T07:47:05-04:00,2026-06-23,791.45,786.1
2026-06-23T10:07:40-04:00,2026-06-23,794.3,789.706
2026-06-23T12:36:54-04:00,2026-06-23,794.9490000000001,791.3995
2026-06-23T14:25:56-04:00,2026-06-23,793.905,788.8975
2026-06-23T16:29:38-04:00,2026-06-23,794.899,791.001
2026-06-23T17:56:50-04:00,2026-06-23,795.6395,792.0005
2026-06-23T19:03:00-04:00,2026-06-23,794.8,789.1505
2026-06-23T20:05:19-04:00,2026-06-23,793.9985,789.2
2026-06-24T00:19:50-04:00,2026-06-24,797.9995,790.5
2026-06-24T03:54:42-04:00,2026-06-24,798.998,787.8
2026-06-24T06:38:18-04:00,2026-06-24,798.0,790.325
2026-06-24T08:35:21-04:00,2026-06-24,801.9635000000001,798.275
2026-06-24T11:20:54-04:00,2026-06-24,796.8344999999999,793.8355
2026-06-24T13:22:13-04:00,2026-06-24,795.2494999999999,791.975
2026-06-24T15:03:51-04:00,2026-06-24,795.492,792.415
2026-06-24T16:52:37-04:00,2026-06-24,795.725,792.305
2026-06-24T18:03:09-04:00,2026-06-24,790.9895,786.344
2026-06-24T19:15:15-04:00,2026-06-24,788.7,784.215
2026-06-24T21:27:05-04:00,2026-06-24,785.9,779.3
2026-06-25T01:36:49-04:00,2026-06-25,793.9995,782.2115
2026-06-25T04:36:59-04:00,2026-06-25,795.0,778.95
2026-06-25T07:18:09-04:00,2026-06-25,790.9995,783.05
2026-06-25T09:28:42-04:00,2026-06-25,795.0,788.36
2026-06-25T12:00:14-04:00,2026-06-25,787.775,782.9255
2026-06-25T14:12:17-04:00,2026-06-25,790.8,787.7
2026-06-25T16:21:15-04:00,2026-06-25,790.645,786.7175
2026-06-25T17:55:11-04:00,2026-06-25,790.0,786.81
2026-06-25T19:06:26-04:00,2026-06-25,790.5995,787.5
2026-06-25T20:20:25-04:00,2026-06-25,790.9795,786.0174999999999
2026-06-26T00:43:59-04:00,2026-06-26,793.4725000000001,785.1
2026-06-26T04:20:04-04:00,2026-06-26,794.86,783.315
2026-06-26T07:17:08-04:00,2026-06-26,793.2035000000001,785.0005
2026-06-26T09:22:20-04:00,2026-06-26,788.8895,782.0274999999999
2026-06-26T11:33:25-04:00,2026-06-26,781.0,776.5
2026-06-26T13:17:34-04:00,2026-06-26,773.925,770.1500000000001
2026-06-26T15:06:46-04:00,2026-06-26,776.9,775.0
2026-06-26T16:51:36-04:00,2026-06-26,776.75,775.0029999999999
2026-06-26T17:56:59-04:00,2026-06-26,777.999,775.485
2026-06-26T19:00:27-04:00,2026-06-26,775.8595,773.0
2026-06-26T20:11:55-04:00,2026-06-26,773.47,771.335
2026-06-27T00:14:46-04:00,2026-06-27,781.7235000000001,775.0
2026-06-27T03:27:10-04:00,2026-06-27,784.937,771.73
2026-06-27T05:36:28-04:00,2026-06-27,784.495,772.0
2026-06-27T07:12:23-04:00,2026-06-27,781.0,774.7
2026-06-27T08:17:14-04:00,2026-06-27,779.5,775.0364999999999
2026-06-27T10:07:59-04:00,2026-06-27,773.9715,771.461
2026-06-27T11:35:06-04:00,2026-06-27,774.9,773.0005
2026-06-27T12:41:41-04:00,2026-06-27,774.0,772.8605
2026-06-27T13:43:43-04:00,2026-06-27,773.5,771.9549999999999
2026-06-27T14:49:46-04:00,2026-06-27,772.9,771.5429999999999
2026-06-27T15:59:18-04:00,2026-06-27,772.0,769.7635
2026-06-27T17:04:20-04:00,2026-06-27,771.3695,768.431
2026-06-27T18:12:03-04:00,2026-06-27,769.0,766.8130000000001
2026-06-27T19:15:26-04:00,2026-06-27,769.999,767.54
2026-06-27T20:15:02-04:00,2026-06-27,769.999,767.705
2026-06-28T00:51:28-04:00,2026-06-28,773.4995,767.5
2026-06-28T04:13:31-04:00,2026-06-28,774.965,764.053
2026-06-28T06:34:19-04:00,2026-06-28,773.944,765.575
2026-06-28T08:05:33-04:00,2026-06-28,773.7,767.8075
2026-06-28T10:08:52-04:00,2026-06-28,772.3985,769.5
2026-06-28T11:37:39-04:00,2026-06-28,771.9,770.575
2026-06-28T12:45:37-04:00,2026-06-28,772.99,770.568
2026-06-28T13:49:37-04:00,2026-06-28,771.695,769.237
2026-06-28T14:54:20-04:00,2026-06-28,771.0,768.1
2026-06-28T16:03:03-04:00,2026-06-28,770.4195,768.6055
2026-06-28T17:12:23-04:00,2026-06-28,770.992,768.85
2026-06-28T18:14:04-04:00,2026-06-28,771.0,768.9014999999999
2026-06-28T19:18:31-04:00,2026-06-28,771.0,768.0
2026-06-28T21:33:07-04:00,2026-06-28,771.7,768.96
2026-06-29T02:19:48-04:00,2026-06-29,775.2495,767.655
2026-06-29T07:26:25-04:00,2026-06-29,772.5,768.941
2026-06-29T10:55:21-04:00,2026-06-29,760.0,757.761
2026-06-29T13:26:39-04:00,2026-06-29,764.89,762.2
2026-06-29T15:19:31-04:00,2026-06-29,759.3499999999999,756.0305
2026-06-29T16:58:55-04:00,2026-06-29,751.0,749.26
2026-06-29T18:07:24-04:00,2026-06-29,752.4875,749.355
2026-06-29T19:12:52-04:00,2026-06-29,747.7985,744.71
2026-06-29T20:18:45-04:00,2026-06-29,739.9995,733.125
2026-06-30T00:36:36-04:00,2026-06-30,739.9155000000001,731.875
2026-06-30T04:07:39-04:00,2026-06-30,742.0,726.5
2026-06-30T07:18:22-04:00,2026-06-30,732.765,725.0
2026-06-30T09:17:30-04:00,2026-06-30,746.0,740.6
2026-06-30T11:41:59-04:00,2026-06-30,743.0,740.1
2026-06-30T13:27:30-04:00,2026-06-30,742.175,740.0
2026-06-30T15:16:48-04:00,2026-06-30,735.6,733.75
2026-06-30T17:06:43-04:00,2026-06-30,737.999,734.5
2026-06-30T18:23:02-04:00,2026-06-30,734.799,731.1
2026-06-30T19:40:08-04:00,2026-06-30,733.7945,730.1
2026-06-30T21:54:59-04:00,2026-06-30,736.4,732.5
2026-07-01T02:15:25-04:00,2026-07-01,739.0,730.5165
2026-07-01T06:14:56-04:00,2026-07-01,738.44,730.2005
2026-07-01T08:47:41-04:00,2026-07-01,741.6,737.576
2026-07-01T11:30:29-04:00,2026-07-01,735.4,732.665
2026-07-01T13:28:55-04:00,2026-07-01,738.0,735.11
2026-07-01T15:17:06-04:00,2026-07-01,738.5,736.8
2026-07-01T16:55:47-04:00,2026-07-01,738.0,734.88
2026-07-01T18:12:33-04:00,2026-07-01,737.0,734.3005
2026-07-01T19:41:52-04:00,2026-07-01,736.64,733.815
2026-07-01T21:35:33-04:00,2026-07-01,738.0,734.86
2026-07-02T01:39:11-04:00,2026-07-02,740.0,733.0005
2026-07-02T04:31:49-04:00,2026-07-02,742.0,732.2
2026-07-02T07:10:35-04:00,2026-07-02,739.0,734.15
2026-07-02T09:05:08-04:00,2026-07-02,735.0,731.845
2026-07-02T11:25:53-04:00,2026-07-02,736.5,734.5
2026-07-02T13:08:08-04:00,2026-07-02,736.965,734.4
2026-07-02T14:44:45-04:00,2026-07-02,735.825,733.7
2026-07-02T16:07:55-04:00,2026-07-02,736.9,734.7055
2026-07-02T17:20:38-04:00,2026-07-02,737.5,735.5
2026-07-02T18:30:36-04:00,2026-07-02,740.9895,737.7155
2026-07-02T19:39:00-04:00,2026-07-02,741.0,737.5
2026-07-02T21:14:08-04:00,2026-07-02,740.5875000000001,738.0
2026-07-03T00:56:48-04:00,2026-07-03,741.8499999999999,736.1
2026-07-03T03:56:52-04:00,2026-07-03,743.4449999999999,735.0
2026-07-03T06:29:26-04:00,2026-07-03,742.0,735.45
2026-07-03T08:25:48-04:00,2026-07-03,741.0,737.6
2026-07-03T10:37:26-04:00,2026-07-03,738.0,735.101
2026-07-03T12:09:38-04:00,2026-07-03,738.5840000000001,736.0135
2026-07-03T13:44:18-04:00,2026-07-03,739.48,737.15
2026-07-03T14:50:27-04:00,2026-07-03,739.7629999999999,737.5
2026-07-03T16:05:36-04:00,2026-07-03,739.7,737.12
2026-07-03T17:19:08-04:00,2026-07-03,740.87,738.5029999999999
2026-07-03T18:27:26-04:00,2026-07-03,742.2425000000001,740.1005
2026-07-03T19:33:21-04:00,2026-07-03,752.0,747.0
2026-07-03T21:10:03-04:00,2026-07-03,784.9995,772.1655000000001
2026-07-04T00:48:17-04:00,2026-07-04,778.1990000000001,767.5
2026-07-04T03:30:41-04:00,2026-07-04,780.0,766.001
2026-07-04T05:37:04-04:00,2026-07-04,780.0,766.251
2026-07-04T07:08:15-04:00,2026-07-04,779.0,769.5840000000001
2026-07-04T08:14:31-04:00,2026-07-04,779.944,772.53
2026-07-04T09:58:14-04:00,2026-07-04,760.8295,755.3109999999999
2026-07-04T11:02:50-04:00,2026-07-04,766.6995,761.355
2026-07-04T12:10:56-04:00,2026-07-04,758.2,752.6
2026-07-04T13:17:06-04:00,2026-07-04,756.295,751.0985000000001
2026-07-04T14:13:55-04:00,2026-07-04,753.9425,750.6600000000001
2026-07-04T15:36:25-04:00,2026-07-04,756.988,753.6
2026-07-04T16:32:02-04:00,2026-07-04,757.8,754.3035
2026-07-04T17:29:49-04:00,2026-07-04,757.49,753.6
2026-07-04T18:27:51-04:00,2026-07-04,756.425,750.2
2026-07-04T19:30:01-04:00,2026-07-04,752.0,747.45
2026-07-04T21:15:46-04:00,2026-07-04,754.975,749.355
2026-07-05T01:08:23-04:00,2026-07-05,758.0,750.002
2026-07-05T04:11:47-04:00,2026-07-05,759.999,749.201
2026-07-05T06:26:24-04:00,2026-07-05,759.89,748.375
2026-07-05T07:52:11-04:00,2026-07-05,758.3,750.5
2026-07-05T08:57:37-04:00,2026-07-05,757.989,752.205
2026-07-05T10:37:49-04:00,2026-07-05,756.7635,751.975
2026-07-05T11:49:59-04:00,2026-07-05,755.99,751.38
2026-07-05T12:47:07-04:00,2026-07-05,755.0,750.0
2026-07-05T13:47:09-04:00,2026-07-05,750.5,745.6
2026-07-05T14:47:58-04:00,2026-07-05,747.9995,743.6
2026-07-05T16:01:02-04:00,2026-07-05,749.0,744.925
2026-07-05T17:07:57-04:00,2026-07-05,749.722,744.7
2026-07-05T18:10:57-04:00,2026-07-05,748.8255,743.2
2026-07-05T19:15:42-04:00,2026-07-05,747.0,742.22
2026-07-05T20:16:13-04:00,2026-07-05,746.499,740.75
2026-07-06T00:40:38-04:00,2026-07-06,747.5,740.0575
2026-07-06T04:49:26-04:00,2026-07-06,748.844,735.216
2026-07-06T08:29:58-04:00,2026-07-06,750.1800000000001,745.3775
2026-07-06T12:00:20-04:00,2026-07-06,754.0,751.45
2026-07-06T14:12:28-04:00,2026-07-06,759.2,755.0355
2026-07-06T16:13:16-04:00,2026-07-06,756.9449999999999,757.2005
2026-07-06T17:46:30-04:00,2026-07-06,763.5,758.545
2026-07-06T18:48:04-04:00,2026-07-06,762.2,760.705
2026-07-06T19:48:04-04:00,2026-07-06,763.0,761.0160000000001
2026-07-06T21:25:53-04:00,2026-07-06,766.999,761.5005
2026-07-07T01:27:34-04:00,2026-07-07,767.0,758.001
2026-07-07T04:48:23-04:00,2026-07-07,767.9,756.55
2026-07-07T07:32:29-04:00,2026-07-07,765.325,761.99
2026-07-07T09:37:04-04:00,2026-07-07,769.1995,765.106
2026-07-07T12:06:26-04:00,2026-07-07,767.989,764.2555
2026-07-07T14:12:06-04:00,2026-07-07,777.8,772.835
2026-07-07T16:12:46-04:00,2026-07-07,786.979,783.8005
2026-07-07T17:39:58-04:00,2026-07-07,786.105,784.7505
2026-07-07T18:42:16-04:00,2026-07-07,787.0,787.025
2026-07-07T19:35:41-04:00,2026-07-07,788.0,785.51
2026-07-07T21:05:36-04:00,2026-07-07,789.0,787.335
2026-07-08T00:25:01-04:00,2026-07-08,792.5,786.556
2026-07-08T02:43:06-04:00,2026-07-08,793.9995,783.0
2026-07-08T05:13:20-04:00,2026-07-08,794.999,784.0
2026-07-08T07:16:33-04:00,2026-07-08,793.1669999999999,788.13
2026-07-08T08:52:58-04:00,2026-07-08,798.55,793.6625
2026-07-08T11:02:50-04:00,2026-07-08,807.5,802.0
2026-07-08T12:45:03-04:00,2026-07-08,796.95,791.6005
2026-07-08T14:06:51-04:00,2026-07-08,793.395,790.0255
2026-07-08T15:49:57-04:00,2026-07-08,809.595,807.0989999999999
2026-07-08T16:48:25-04:00,2026-07-08,813.0,810.075
2026-07-08T17:51:08-04:00,2026-07-08,815.0,813.0505
2026-07-08T18:47:15-04:00,2026-07-08,819.085,814.3575000000001
2026-07-08T19:48:54-04:00,2026-07-08,819.0,817.105
2026-07-08T21:19:59-04:00,2026-07-08,830.0,823.6255
2026-07-09T01:10:55-04:00,2026-07-09,829.61,821.1565
2026-07-09T04:41:36-04:00,2026-07-09,830.5595,817.1
2026-07-09T07:33:18-04:00,2026-07-09,828.5,821.505
2026-07-09T10:07:44-04:00,2026-07-09,827.1500000000001,822.1
2026-07-09T12:35:51-04:00,2026-07-09,824.5645,820.716
2026-07-09T14:21:20-04:00,2026-07-09,828.225,826.206
2026-07-09T16:11:20-04:00,2026-07-09,830.8,827.0015
2026-07-09T17:41:39-04:00,2026-07-09,833.5,829.5
2026-07-09T18:54:21-04:00,2026-07-09,835.4,830.2
2026-07-09T19:55:17-04:00,2026-07-09,833.0,827.655
2026-07-09T21:52:48-04:00,2026-07-09,828.5,825.1110000000001
2026-07-10T01:46:52-04:00,2026-07-10,831.962,822.6145
2026-07-10T04:51:50-04:00,2026-07-10,832.45,820.3
2026-07-10T07:36:58-04:00,2026-07-10,828.5895,822.672
2026-07-10T09:30:43-04:00,2026-07-10,829.5,825.7045
2026-07-10T11:56:16-04:00,2026-07-10,824.0,819.31
2026-07-10T13:41:19-04:00,2026-07-10,814.789,810.502
2026-07-10T15:07:36-04:00,2026-07-10,822.8985,818.0
2026-07-10T16:39:32-04:00,2026-07-10,828.0,824.0
2026-07-10T17:38:57-04:00,2026-07-10,826.325,821.0005
2026-07-10T18:37:16-04:00,2026-07-10,826.4,824.904
2026-07-10T19:33:42-04:00,2026-07-10,826.9,822.825
2026-07-10T21:01:24-04:00,2026-07-10,827.6700000000001,823.085
2026-07-11T00:17:31-04:00,2026-07-11,832.0,824.4159999999999
2026-07-11T02:27:48-04:00,2026-07-11,834.65,822.8
2026-07-11T04:18:54-04:00,2026-07-11,835.0,821.0
2026-07-11T05:50:40-04:00,2026-07-11,833.9995,821.0
2026-07-11T06:46:40-04:00,2026-07-11,832.0,823.0
2026-07-11T07:36:26-04:00,2026-07-11,831.6965,824.115
2026-07-11T08:34:29-04:00,2026-07-11,829.9995,824.0015
2026-07-11T10:04:18-04:00,2026-07-11,826.999,824.03
2026-07-11T11:06:02-04:00,2026-07-11,826.0,823.527
2026-07-11T12:04:40-04:00,2026-07-11,826.4745,823.45
2026-07-11T13:08:55-04:00,2026-07-11,826.5,824.7
2026-07-11T14:02:50-04:00,2026-07-11,827.2995,826.0
2026-07-11T15:17:31-04:00,2026-07-11,827.725,825.0
2026-07-11T16:10:57-04:00,2026-07-11,827.1055,823.9855
2026-07-11T17:02:14-04:00,2026-07-11,825.3385,822.0005
2026-07-11T17:57:03-04:00,2026-07-11,824.4995,820.105
2026-07-11T18:40:59-04:00,2026-07-11,824.0,820.6
2026-07-11T19:35:04-04:00,2026-07-11,824.0,819.315
2026-07-11T21:08:22-04:00,2026-07-11,824.0,820.0
2026-07-12T00:34:16-04:00,2026-07-12,828.0,819.275
2026-07-12T03:09:03-04:00,2026-07-12,828.999,817.5505
2026-07-12T05:11:35-04:00,2026-07-12,829.0,815.0
2026-07-12T06:41:06-04:00,2026-07-12,828.155,816.1120000000001
2026-07-12T07:42:28-04:00,2026-07-12,827.5885000000001,818.625
2026-07-12T08:36:14-04:00,2026-07-12,827.0,820.54
2026-07-12T10:09:17-04:00,2026-07-12,826.09,821.5
2026-07-12T11:11:41-04:00,2026-07-12,825.29,821.7
2026-07-12T12:09:47-04:00,2026-07-12,825.0,821.9024999999999
2026-07-12T13:13:42-04:00,2026-07-12,824.3,821.0385
2026-07-12T14:08:11-04:00,2026-07-12,824.0,821.2
2026-07-12T15:20:21-04:00,2026-07-12,824.0,822.2015
2026-07-12T16:10:46-04:00,2026-07-12,824.999,822.6755
2026-07-12T17:04:07-04:00,2026-07-12,825.0,821.3005
2026-07-12T18:00:22-04:00,2026-07-12,825.4995,822.5550000000001
2026-07-12T18:53:47-04:00,2026-07-12,825.299,822.5550000000001
2026-07-12T19:38:14-04:00,2026-07-12,825.8,822.525
2026-07-12T21:11:21-04:00,2026-07-12,825.999,821.305
2026-07-13T00:43:53-04:00,2026-07-13,825.999,818.2
2026-07-13T03:53:35-04:00,2026-07-13,826.3995,814.9
2026-07-13T06:45:13-04:00,2026-07-13,825.0,817.6005
2026-07-13T09:05:46-04:00,2026-07-13,820.845,816.3005
2026-07-13T11:47:41-04:00,2026-07-13,827.645,828.05
2026-07-13T13:43:29-04:00,2026-07-13,832.825,828.31
2026-07-13T15:04:08-04:00,2026-07-13,834.99,833.5274999999999
2026-07-13T16:20:56-04:00,2026-07-13,838.5,836.0
2026-07-13T17:15:59-04:00,2026-07-13,839.399,840.0
2026-07-13T18:11:07-04:00,2026-07-13,845.0,842.75
2026-07-13T19:10:47-04:00,2026-07-13,841.4945,840.7149999999999
2026-07-13T20:04:32-04:00,2026-07-13,841.0,838.0
2026-07-13T23:22:31-04:00,2026-07-13,841.995,838.0535
2026-07-14T01:42:38-04:00,2026-07-14,843.1125,835.2005
2026-07-14T03:27:37-04:00,2026-07-14,843.5,833.95
2026-07-14T05:23:08-04:00,2026-07-14,843.5,834.178
2026-07-14T06:59:00-04:00,2026-07-14,842.9490000000001,837.01
2026-07-14T08:11:26-04:00,2026-07-14,842.0,838.2215
2026-07-14T10:10:32-04:00,2026-07-14,843.0,840.0
2026-07-14T11:42:14-04:00,2026-07-14,845.0,845.6005
2026-07-14T12:49:39-04:00,2026-07-14,848.999,847.155
2026-07-14T13:51:06-04:00,2026-07-14,852.9,851.0
2026-07-14T14:52:50-04:00,2026-07-14,856.0,856.0
2026-07-14T16:00:54-04:00,2026-07-14,861.9975,861.5
2026-07-14T17:03:53-04:00,2026-07-14,867.5895,864.2595
2026-07-14T18:06:53-04:00,2026-07-14,863.925,862.0875
2026-07-14T19:07:20-04:00,2026-07-14,865.0,864.25
2026-07-14T20:01:35-04:00,2026-07-14,865.999,862.375
2026-07-14T23:13:04-04:00,2026-07-14,867.6500000000001,863.5
2026-07-15T01:40:28-04:00,2026-07-15,868.5,860.5509999999999
2026-07-15T03:31:24-04:00,2026-07-15,868.8499999999999,857.0
2026-07-15T05:29:49-04:00,2026-07-15,868.9,858.567
2026-07-15T07:08:50-04:00,2026-07-15,867.845,862.0115000000001
2026-07-15T08:23:09-04:00,2026-07-15,865.3,862.0015
2026-07-15T10:15:26-04:00,2026-07-15,866.0,865.1514999999999
2026-07-15T11:51:04-04:00,2026-07-15,864.44,866.05
2026-07-15T12:58:21-04:00,2026-07-15,875.9985,876.46
2026-07-15T14:04:49-04:00,2026-07-15,878.5,877.733
2026-07-15T15:32:02-04:00,2026-07-15,882.0,879.1
2026-07-15T16:35:49-04:00,2026-07-15,878.335,874.2735
2026-07-15T17:32:48-04:00,2026-07-15,873.99,868.0035
2026-07-15T18:32:18-04:00,2026-07-15,867.9,861.6145
2026-07-15T19:32:04-04:00,2026-07-15,859.8499999999999,853.2025000000001
2026-07-15T20:58:52-04:00,2026-07-15,853.0,847.4845
2026-07-16T00:07:54-04:00,2026-07-16,851.9925000000001,839.0
2026-07-16T02:28:05-04:00,2026-07-16,855.0,838.0775
2026-07-16T04:39:44-04:00,2026-07-16,855.9495,834.9
2026-07-16T06:31:50-04:00,2026-07-16,851.975,840.683
2026-07-16T08:03:04-04:00,2026-07-16,849.6500000000001,838.0
2026-07-16T10:13:00-04:00,2026-07-16,829.0,820.0
2026-07-16T11:46:07-04:00,2026-07-16,850.0,844.0
2026-07-16T12:53:43-04:00,2026-07-16,841.9635000000001,835.945
2026-07-16T13:57:05-04:00,2026-07-16,842.0,835.301
2026-07-16T15:01:21-04:00,2026-07-16,845.0,840.8515
2026-07-16T16:05:22-04:00,2026-07-16,843.0,837.0084999999999
2026-07-16T17:12:02-04:00,2026-07-16,844.6945000000001,838.0084999999999
2026-07-16T18:13:30-04:00,2026-07-16,845.0,840.1034999999999
2026-07-16T19:09:40-04:00,2026-07-16,844.99,839.535
2026-07-16T20:09:43-04:00,2026-07-16,842.645,838.029
2026-07-16T23:32:50-04:00,2026-07-16,838.0,831.2555
2026-07-17T02:00:31-04:00,2026-07-17,839.049,828.1
2026-07-17T04:15:34-04:00,2026-07-17,839.9245,824.0
2026-07-17T06:11:30-04:00,2026-07-17,839.0,826.665
2026-07-17T07:38:50-04:00,2026-07-17,833.309,828.1005
2026-07-17T08:45:35-04:00,2026-07-17,843.9,837.575
2026-07-17T10:16:25-04:00,2026-07-17,843.9970000000001,839.0035
2026-07-17T11:42:24-04:00,2026-07-17,846.3979999999999,843.3
2026-07-17T12:45:13-04:00,2026-07-17,849.4995,844.6775
2026-07-17T13:46:43-04:00,2026-07-17,849.3,845.895
2026-07-17T14:41:25-04:00,2026-07-17,849.8,845.0
2026-07-17T15:44:56-04:00,2026-07-17,848.6,845.1500000000001
2026-07-17T16:33:54-04:00,2026-07-17,849.999,849.35
2026-07-17T17:25:01-04:00,2026-07-17,852.495,849.4024999999999
2026-07-17T18:10:46-04:00,2026-07-17,854.86,850.0
2026-07-17T19:05:15-04:00,2026-07-17,854.945,849.5105
2026-07-17T20:01:08-04:00,2026-07-17,853.6935000000001,849.9805
2026-07-17T22:53:11-04:00,2026-07-17,856.3495,851.065
2026-07-18T01:12:41-04:00,2026-07-18,859.5,850.0
2026-07-18T03:07:15-04:00,2026-07-18,860.0,847.5005
2026-07-18T04:56:07-04:00,2026-07-18,860.565,847.0
2026-07-18T06:11:21-04:00,2026-07-18,860.0,848.1545000000001
2026-07-18T07:17:09-04:00,2026-07-18,859.844,852.2005
2026-07-18T08:06:31-04:00,2026-07-18,860.0,853.975
2026-07-18T09:42:41-04:00,2026-07-18,863.9995,860.0
2026-07-18T10:38:21-04:00,2026-07-18,863.215,858.7205
2026-07-18T11:33:45-04:00,2026-07-18,858.9995,857.925
2026-07-18T12:29:35-04:00,2026-07-18,860.0,856.4315
2026-07-18T13:30:20-04:00,2026-07-18,858.9505,856.1165000000001
2026-07-18T14:27:48-04:00,2026-07-18,857.0,856.1855
2026-07-18T15:40:20-04:00,2026-07-18,858.0,854.3499999999999
2026-07-18T16:26:03-04:00,2026-07-18,857.865,854.725
2026-07-18T17:10:53-04:00,2026-07-18,857.935,853.894
2026-07-18T18:04:57-04:00,2026-07-18,858.0,854.2
2026-07-18T19:01:39-04:00,2026-07-18,857.6,853.3
2026-07-18T19:58:03-04:00,2026-07-18,856.9870000000001,853.4555
2026-07-18T22:26:19-04:00,2026-07-18,859.8,854.3499999999999
2026-07-19T01:35:12-04:00,2026-07-19,862.0,852.25
2026-07-19T03:46:26-04:00,2026-07-19,863.5989999999999,850.0
2026-07-19T05:31:37-04:00,2026-07-19,863.146,850.0
2026-07-19T06:53:52-04:00,2026-07-19,861.844,850.6045
2026-07-19T07:46:00-04:00,2026-07-19,860.2995,852.1
2026-07-19T08:37:23-04:00,2026-07-19,859.999,854.211
2026-07-19T10:08:06-04:00,2026-07-19,856.0,851.0515
2026-07-19T11:10:12-04:00,2026-07-19,854.5,849.8
2026-07-19T12:07:35-04:00,2026-07-19,856.0,852.0799999999999
2026-07-19T13:11:14-04:00,2026-07-19,853.9485,849.1445
2026-07-19T14:06:01-04:00,2026-07-19,851.8495,848.205
2026-07-19T15:20:43-04:00,2026-07-19,852.0,848.2525
2026-07-19T16:12:30-04:00,2026-07-19,852.965,850.13
2026-07-19T17:05:54-04:00,2026-07-19,854.985,850.0005
2026-07-19T18:03:26-04:00,2026-07-19,854.999,850.525
2026-07-19T19:01:37-04:00,2026-07-19,854.0,849.5
2026-07-19T22:53:17-04:00,2026-07-19,853.89,848.0
2026-07-19T23:37:22-04:00,2026-07-19,853.4995,847.0
2026-07-20T02:34:16-04:00,2026-07-20,855.0,842.0
2026-07-20T05:43:01-04:00,2026-07-20,854.99,842.6055
2026-07-20T08:02:54-04:00,2026-07-20,854.8,848.655
2026-07-20T10:26:00-04:00,2026-07-20,851.0,844.2
2026-07-20T12:06:47-04:00,2026-07-20,861.4,857.0
2026-07-20T14:12:56-04:00,2026-07-20,870.0,866.77
2026-07-20T15:55:06-04:00,2026-07-20,871.0,865.7
2026-07-20T16:59:02-04:00,2026-07-20,868.9,865.8009999999999
2026-07-20T17:59:17-04:00,2026-07-20,868.5,863.5
2026-07-20T19:00:35-04:00,2026-07-20,865.9,863.755
2026-07-20T19:58:57-04:00,2026-07-20,865.499,862.058
2026-07-20T22:37:36-04:00,2026-07-20,867.0,863.0
2026-07-21T01:36:26-04:00,2026-07-21,867.9995,860.0
2026-07-21T03:56:12-04:00,2026-07-21,868.7475,857.3299999999999
2026-07-21T06:17:17-04:00,2026-07-21,868.0,860.2
2026-07-21T08:01:21-04:00,2026-07-21,866.4495,860.8005
2026-07-21T10:07:08-04:00,2026-07-21,867.75,863.0
2026-07-21T11:50:03-04:00,2026-07-21,867.885,864.0
2026-07-21T13:02:41-04:00,2026-07-21,861.894,856.05
2026-07-21T14:20:07-04:00,2026-07-21,867.0985000000001,865.7090000000001
2026-07-21T15:55:18-04:00,2026-07-21,873.4495,870.037
2026-07-21T16:57:04-04:00,2026-07-21,871.5,870.0
2026-07-21T17:59:44-04:00,2026-07-21,870.06,868.365
2026-07-21T18:58:28-04:00,2026-07-21,871.0,868.5925
2026-07-21T19:54:39-04:00,2026-07-21,871.9,868.0
2026-07-21T21:18:35-04:00,2026-07-21,871.99,868.0
2026-07-22T00:36:32-04:00,2026-07-22,870.9,863.6
2026-07-22T03:16:46-04:00,2026-07-22,871.5,860.0005
2026-07-22T05:39:33-04:00,2026-07-22,871.1975,861.0
2026-07-22T07:28:00-04:00,2026-07-22,869.9,865.1
2026-07-22T08:56:15-04:00,2026-07-22,870.265,865.268
2026-07-22T10:58:25-04:00,2026-07-22,869.899,866.015
2026-07-22T12:18:28-04:00,2026-07-22,866.4,863.1105
2026-07-22T13:43:42-04:00,2026-07-22,870.9945,869.805
2026-07-22T14:47:07-04:00,2026-07-22,871.89,867.91
2026-07-22T15:59:32-04:00,2026-07-22,869.899,864.6
2026-07-22T17:18:47-04:00,2026-07-22,868.0,864.2049999999999
2026-07-22T18:13:59-04:00,2026-07-22,867.0,862.598
2026-07-22T19:15:03-04:00,2026-07-22,859.0,854.38
2026-07-22T20:13:19-04:00,2026-07-22,860.0,856.25
2026-07-22T23:43:32-04:00,2026-07-22,859.9295,853.3495
2026-07-23T02:18:16-04:00,2026-07-23,860.0,847.8
2026-07-23T04:46:12-04:00,2026-07-23,860.0,847.0
2026-07-23T06:52:27-04:00,2026-07-23,857.85,849.205
2026-07-23T08:15:22-04:00,2026-07-23,861.0,855.55
2026-07-23T10:32:57-04:00,2026-07-23,865.0,860.5
2026-07-23T12:09:27-04:00,2026-07-23,857.6995,852.2560000000001
2026-07-23T13:43:14-04:00,2026-07-23,858.2245,853.1030000000001
2026-07-23T14:49:04-04:00,2026-07-23,860.87,857.5
2026-07-23T16:02:16-04:00,2026-07-23,862.5,858.3045
2026-07-23T17:14:24-04:00,2026-07-23,865.0,863.2105
2026-07-23T18:14:20-04:00,2026-07-23,870.3495,866.19
2026-07-23T19:11:03-04:00,2026-07-23,869.399,865.658
2026-07-23T20:08:59-04:00,2026-07-23,870.7,866.7574999999999
2026-07-23T23:38:02-04:00,2026-07-23,876.0699999999999,869.0374999999999
2026-07-24T02:11:52-04:00,2026-07-24,877.8805,867.0
2026-07-24T04:40:27-04:00,2026-07-24,878.9945,867.0029999999999
2026-07-24T06:36:45-04:00,2026-07-24,878.55,870.9525
2026-07-24T08:04:49-04:00,2026-07-24,877.1,871.305
2026-07-24T10:04:22-04:00,2026-07-24,873.2574999999999,870.4
2026-07-24T11:37:42-04:00,2026-07-24,871.7995,869.1075000000001
2026-07-24T13:09:22-04:00,2026-07-24,873.2095,870.0
2026-07-24T14:43:00-04:00,2026-07-24,873.0,870.5155
2026-07-24T16:01:27-04:00,2026-07-24,873.095,870.255
2026-07-24T17:10:51-04:00,2026-07-24,873.0,872.7505
2026-07-24T18:16:20-04:00,2026-07-24,874.6,870.612
2026-07-24T19:17:10-04:00,2026-07-24,874.2995,872.1295
2026-07-24T20:16:00-04:00,2026-07-24,874.2,872.2235000000001
2026-07-24T23:39:46-04:00,2026-07-24,877.0,872.0
2026-07-25T02:04:06-04:00,2026-07-25,878.585,870.0
2026-07-25T04:19:23-04:00,2026-07-25,878.999,868.0
2026-07-25T06:01:47-04:00,2026-07-25,878.845,869.0
2026-07-25T07:17:41-04:00,2026-07-25,877.9755,871.1505
2026-07-25T08:10:42-04:00,2026-07-25,876.899,871.3465
2026-07-25T09:58:51-04:00,2026-07-25,874.4,871.613
2026-07-25T11:01:37-04:00,2026-07-25,872.4970000000001,869.7475
2026-07-25T12:08:24-04:00,2026-07-25,872.5,868.99
2026-07-25T13:11:33-04:00,2026-07-25,872.0,870.0615
2026-07-25T14:05:38-04:00,2026-07-25,871.9595,868.6265000000001
2026-07-25T15:22:09-04:00,2026-07-25,871.898,868.5840000000001
2026-07-25T16:16:14-04:00,2026-07-25,871.188,868.5085
2026-07-25T17:09:39-04:00,2026-07-25,869.999,866.0550000000001
2026-07-25T18:06:45-04:00,2026-07-25,868.3975,864.0775
2026-07-25T19:06:29-04:00,2026-07-25,865.0,861.105
2026-07-25T20:08:47-04:00,2026-07-25,866.19,862.005
2026-07-25T23:50:19-04:00,2026-07-25,869.9975,863.0
2026-07-26T02:25:27-04:00,2026-07-26,870.99,860.0
2026-07-26T04:42:29-04:00,2026-07-26,871.24,858.5
2026-07-26T06:21:51-04:00,2026-07-26,869.999,859.383
2026-07-26T07:39:46-04:00,2026-07-26,869.76,861.0355
2026-07-26T08:42:41-04:00,2026-07-26,869.14,863.065
2026-07-26T10:13:47-04:00,2026-07-26,867.5,863.1005
2026-07-26T11:28:28-04:00,2026-07-26,867.54,863.95
2026-07-26T12:28:40-04:00,2026-07-26,867.4995,863.2005
2026-07-26T13:31:42-04:00,2026-07-26,865.7,861.0
2026-07-26T14:33:46-04:00,2026-07-26,863.345,859.6500000000001
2026-07-26T15:45:55-04:00,2026-07-26,864.8,860.1624999999999
2026-07-26T16:37:35-04:00,2026-07-26,864.525,860.0125
2026-07-26T17:32:57-04:00,2026-07-26,862.62,858.0
2026-07-26T18:32:07-04:00,2026-07-26,861.945,857.0
2026-07-26T19:31:17-04:00,2026-07-26,861.494,857.05
2026-07-26T21:09:56-04:00,2026-07-26,861.0,856.6055
2026-07-27T00:49:01-04:00,2026-07-27,862.9955,855.2005
2026-07-27T04:16:25-04:00,2026-07-27,864.675,852.8005
2026-07-27T07:41:39-04:00,2026-07-27,861.45,856.815
2026-07-27T09:56:39-04:00,2026-07-27,861.999,856.9365
2026-07-27T12:10:43-04:00,2026-07-27,863.0,859.1505
2026-07-27T13:53:17-04:00,2026-07-27,864.0,862.005
2026-07-27T15:03:23-04:00,2026-07-27,866.895,862.1
2026-07-27T16:38:12-04:00,2026-07-27,860.0,855.625
2026-07-27T17:44:47-04:00,2026-07-27,857.5,852.331
2026-07-27T18:42:16-04:00,2026-07-27,853.7,848.8534999999999
2026-07-27T19:43:54-04:00,2026-07-27,849.45,844.0
2026-07-27T21:02:59-04:00,2026-07-27,849.0,844.0
2026-07-28T00:17:22-04:00,2026-07-28,847.5274999999999,839.001
2026-07-28T02:42:26-04:00,2026-07-28,848.825,837.3495
2026-07-28T05:22:11-04:00,2026-07-28,849.15,835.0
2026-07-28T07:31:03-04:00,2026-07-28,842.0,836.2505
2026-07-28T09:11:01-04:00,2026-07-28,845.9,840.0
2026-07-28T11:31:33-04:00,2026-07-28,849.398,844.7695
2026-07-28T13:00:40-04:00,2026-07-28,849.8935,845.808
2026-07-28T14:17:01-04:00,2026-07-28,849.99,845.0005
2026-07-28T15:54:15-04:00,2026-07-28,850.0,846.2115
2026-07-28T16:53:59-04:00,2026-07-28,850.5,846.3105
2026-07-28T17:51:55-04:00,2026-07-28,850.0,845.927
2026-07-28T18:44:40-04:00,2026-07-28,848.34,843.8105
2026-07-28T19:41:12-04:00,2026-07-28,845.9895,841.5
2026-07-28T21:06:47-04:00,2026-07-28,845.8995,841.335
2026-07-29T00:24:08-04:00,2026-07-29,846.45,840.0
2026-07-29T03:10:03-04:00,2026-07-29,847.7494999999999,837.0
2026-07-29T05:46:51-04:00,2026-07-29,847.845,838.5605
2026-07-29T07:49:36-04:00,2026-07-29,845.3995,841.01
2026-07-29T09:26:24-04:00,2026-07-29,849.4475,845.1415
2026-07-29T11:25:49-04:00,2026-07-29,846.9995,842.858
2026-07-29T12:45:06-04:00,2026-07-29,846.399,842.1610000000001
2026-07-29T13:56:07-04:00,2026-07-29,846.525,844.1005
2026-07-29T14:59:36-04:00,2026-07-29,847.98,844.0419999999999
2026-07-29T16:12:36-04:00,2026-07-29,849.99,847.983
2026-07-29T17:11:22-04:00,2026-07-29,852.994,849.305
2026-07-29T18:10:14-04:00,2026-07-29,849.0,845.0
2026-07-29T19:11:39-04:00,2026-07-29,849.5,848.55
2026-07-29T20:08:31-04:00,2026-07-29,851.7395,850.3865000000001
2026-07-29T23:21:15-04:00,2026-07-29,856.999,852.0825
2026-07-30T02:01:49-04:00,2026-07-30,858.715,850.0
2026-07-30T04:40:34-04:00,2026-07-30,859.195,849.0
2026-07-30T06:49:07-04:00,2026-07-30,858.7065,852.4014999999999
2026-07-30T08:16:19-04:00,2026-07-30,859.1,854.7415000000001
2026-07-30T10:33:24-04:00,2026-07-30,851.595,848.3
2026-07-30T12:08:47-04:00,2026-07-30,850.5,846.5035
2026-07-30T13:44:13-04:00,2026-07-30,851.9,849.0
2026-07-30T15:00:36-04:00,2026-07-30,853.225,848.75
2026-07-30T16:16:12-04:00,2026-07-30,851.04,848.1025
2026-07-30T17:33:00-04:00,2026-07-30,852.825,850.025
2026-07-30T18:39:25-04:00,2026-07-30,853.88,851.1220000000001
2026-07-30T19:38:09-04:00,2026-07-30,853.9,851.3855
2026-07-30T21:09:13-04:00,2026-07-30,856.245,852.3625
2026-07-31T00:34:45-04:00,2026-07-31,858.499,851.4
2026-07-31T03:25:47-04:00,2026-07-31,859.98,848.75
2026-07-31T06:02:18-04:00,2026-07-31,858.999,849.5
2026-07-31T08:06:18-04:00,2026-07-31,855.994,850.61
2026-07-31T10:28:47-04:00,2026-07-31,851.675,848.8
2026-07-31T12:15:49-04:00,2026-07-31,846.4475,843.5
2026-07-31T13:53:07-04:00,2026-07-31,845.47,842.0055
2026-07-31T14:59:19-04:00,2026-07-31,846.799,843.2015
2026-07-31T16:20:15-04:00,2026-07-31,848.099,847.101
2026-07-31T17:31:45-04:00,2026-07-31,845.822,845.5015
2026-07-31T18:33:38-04:00,2026-07-31,848.495,846.1775
2026-07-31T19:34:03-04:00,2026-07-31,848.225,845.1500000000001
2026-07-31T21:07:15-04:00,2026-07-31,849.95,847.2055
2026-08-01T00:30:04-04:00,2026-08-01,853.9945,846.5255
2026-08-01T03:02:48-04:00,2026-08-01,856.475,844.2005
2026-08-01T05:11:35-04:00,2026-08-01,856.75,843.5
2026-08-01T06:47:03-04:00,2026-08-01,854.8444999999999,845.0
2026-08-01T07:48:00-04:00,2026-08-01,853.0,846.45
2026-08-01T08:41:32-04:00,2026-08-01,853.745,848.175
2026-08-01T10:10:15-04:00,2026-08-01,852.5,847.1
2026-08-01T11:14:50-04:00,2026-08-01,850.0,846.0
2026-08-01T12:12:52-04:00,2026-08-01,848.5,844.6225
2026-08-01T13:13:06-04:00,2026-08-01,849.102,845.0035
2026-08-01T14:10:00-04:00,2026-08-01,849.355,845.0
2026-08-01T15:29:58-04:00,2026-08-01,847.0,843.0
2026-08-01T16:26:26-04:00,2026-08-01,847.5775000000001,842.9
2026-08-01T17:22:08-04:00,2026-08-01,847.4,843.0
2026-08-01T18:14:07-04:00,2026-08-01,847.0,843.0005
2026-08-01T19:13:30-04:00,2026-08-01,847.4945,843.5
2026-08-01T20:08:48-04:00,2026-08-01,847.9495,843.0
2026-08-01T23:47:30-04:00,2026-08-01,850.0,842.55
2026-08-02T02:21:31-04:00,2026-08-02,851.395,841.1555000000001
2026-08-02T04:39:49-04:00,2026-08-02,851.59,840.003
2026-08-02T06:18:30-04:00,2026-08-02,851.0,840.25
2026-08-02T07:36:22-04:00,2026-08-02,849.999,841.5
2026-08-02T08:39:06-04:00,2026-08-02,849.474,842.615
2026-08-02T10:11:55-04:00,2026-08-02,849.0,843.5
2026-08-02T11:17:45-04:00,2026-08-02,848.0,843.5585000000001
2026-08-02T12:14:55-04:00,2026-08-02,848.0,843.605
2026-08-02T13:16:02-04:00,2026-08-02,847.999,843.9465
2026-08-02T14:11:40-04:00,2026-08-02,847.99,843.215
2026-08-02T15:31:48-04:00,2026-08-02,847.0,842.725
2026-08-02T16:29:32-04:00,2026-08-02,847.0,842.9
2026-08-02T17:25:06-04:00,2026-08-02,847.0,843.0
2026-08-02T18:23:18-04:00,2026-08-02,847.0,842.6015
2026-08-02T19:23:34-04:00,2026-08-02,847.106,842.5325
2026-08-02T21:00:01-04:00,2026-08-02,847.0,842.09
2026-08-03T00:31:09-04:00,2026-08-03,847.2,840.0
2026-08-03T03:58:07-04:00,2026-08-03,848.0,836.806
2026-08-03T07:17:33-04:00,2026-08-03,845.899,839.1075000000001
2026-08-03T09:48:24-04:00,2026-08-03,846.5,841.5
2026-08-03T12:09:15-04:00,2026-08-03,847.999,844.39
2026-08-03T14:01:41-04:00,2026-08-03,852.9765,849.431
2026-08-03T15:46:20-04:00,2026-08-03,853.9495,850.1005
2026-08-03T16:46:41-04:00,2026-08-03,853.6,848.7
2026-08-03T17:49:31-04:00,2026-08-03,850.0,846.1524999999999
2026-08-03T18:43:14-04:00,2026-08-03,850.0,845.0
2026-08-03T19:47:41-04:00,2026-08-03,849.0,844.114
2026-08-03T21:08:15-04:00,2026-08-03,849.1,844.2255
2026-08-04T00:25:51-04:00,2026-08-04,850.0,843.8575000000001
2026-08-04T03:06:42-04:00,2026-08-04,851.4449999999999,842.375
2026-08-04T05:45:55-04:00,2026-08-04,850.899,842.6025
2026-08-04T07:48:57-04:00,2026-08-04,849.894,845.0055
2026-08-04T09:26:00-04:00,2026-08-04,847.195,842.501
2026-08-04T11:43:03-04:00,2026-08-04,848.0,844.9225
2026-08-04T13:19:55-04:00,2026-08-04,848.6995,845.125
2026-08-04T14:57:44-04:00,2026-08-04,850.0,846.99
2026-08-04T16:21:11-04:00,2026-08-04,848.799,844.5775
2026-08-04T17:41:16-04:00,2026-08-04,847.25,843.3
2026-08-04T18:42:35-04:00,2026-08-04,847.5,843.825
2026-08-04T19:41:32-04:00,2026-08-04,847.19,843.1505
2026-08-04T21:02:47-04:00,2026-08-04,847.0,843.5005
2026-08-05T00:17:39-04:00,2026-08-05,847.8995,842.255
2026-08-05T02:43:42-04:00,2026-08-05,848.3885,839.99
2026-08-05T05:24:19-04:00,2026-08-05,848.0,840.105
2026-08-05T07:33:34-04:00,2026-08-05,845.5,841.0074999999999
2026-08-05T09:14:11-04:00,2026-08-05,843.0,837.9124999999999
2026-08-05T11:27:12-04:00,2026-08-05,845.9,842.0
2026-08-05T12:58:58-04:00,2026-08-05,847.2995,843.1105
2026-08-05T14:20:45-04:00,2026-08-05,847.2945,843.3775
2026-08-05T15:58:44-04:00,2026-08-05,846.999,842.6600000000001
2026-08-05T17:05:52-04:00,2026-08-05,847.0,843.2
2026-08-05T18:16:56-04:00,2026-08-05,847.9,843.5554999999999
2026-08-05T19:18:21-04:00,2026-08-05,847.0,843.206
2026-08-05T20:12:19-04:00,2026-08-05,847.3,843.81
2026-08-05T23:34:01-04:00,2026-08-05,847.9,843.5
2026-08-06T02:12:12-04:00,2026-08-06,847.999,841.2005
2026-08-06T05:03:52-04:00,2026-08-06,848.0,840.13
2026-08-06T07:29:18-04:00,2026-08-06,846.895,842.26
2026-08-06T09:09:29-04:00,2026-08-06,846.0,842.3
2026-08-06T20:27:04-04:00,2026-08-06,855.8,856.0005
2026-08-06T23:25:10-04:00,2026-08-06,859.9,855.5
2026-08-07T01:09:28-04:00,2026-08-07,860.0,853.01
2026-08-07T02:15:40-04:00,2026-08-07,860.0,853.0
2026-08-07T03:42:04-04:00,2026-08-07,861.245,850.884
2026-08-07T04:38:16-04:00,2026-08-07,861.999,850.934
2026-08-07T05:37:04-04:00,2026-08-07,860.9895,851.5
2026-08-07T06:29:27-04:00,2026-08-07,860.0,853.0005
2026-08-07T07:21:51-04:00,2026-08-07,859.0,853.235
2026-08-07T08:01:55-04:00,2026-08-07,857.473,854.0135
2026-08-07T09:19:16-04:00,2026-08-07,858.9,855.5155
2026-08-07T10:26:48-04:00,2026-08-07,858.86,855.3
2026-08-07T11:22:02-04:00,2026-08-07,859.4945,859.36
2026-08-07T12:11:48-04:00,2026-08-07,862.975,859.0
2026-08-07T13:05:13-04:00,2026-08-07,862.0,860.056
2026-08-07T13:55:37-04:00,2026-08-07,863.284,861.575
2026-08-07T14:39:29-04:00,2026-08-07,863.18,858.751
2026-08-07T15:36:47-04:00,2026-08-07,862.0,859.9105
2026-08-07T16:17:14-04:00,2026-08-07,862.25,858.6605
2026-08-07T17:01:03-04:00,2026-08-07,859.683,856.1
2026-08-07T17:43:42-04:00,2026-08-07,858.643,855.4005
2026-08-07T18:17:34-04:00,2026-08-07,858.98,856.16
2026-08-07T18:56:15-04:00,2026-08-07,860.0,857.5
2026-08-07T19:26:09-04:00,2026-08-07,861.1895,856.5035
2026-08-07T19:55:33-04:00,2026-08-07,861.44,857.0275
2026-08-07T20:52:08-04:00,2026-08-07,861.994,857.03
2026-08-07T22:45:44-04:00,2026-08-07,863.999,858.5
2026-08-07T23:57:54-04:00,2026-08-07,864.3945,857.65
2026-08-08T00:52:18-04:00,2026-08-08,864.4780000000001,857.9975
2026-08-08T01:31:34-04:00,2026-08-08,864.879,857.1
2026-08-08T02:08:06-04:00,2026-08-08,865.0,856.7125000000001
2026-08-08T03:09:42-04:00,2026-08-08,865.9,856.0799999999999
2026-08-08T03:56:06-04:00,2026-08-08,865.4995,855.1005
2026-08-08T04:29:11-04:00,2026-08-08,865.5,855.0
2026-08-08T05:10:12-04:00,2026-08-08,865.065,855.0
2026-08-08T05:51:07-04:00,2026-08-08,865.0,855.001
2026-08-08T06:15:48-04:00,2026-08-08,864.9,855.75
2026-08-08T06:51:30-04:00,2026-08-08,864.9985,857.0
2026-08-08T07:14:57-04:00,2026-08-08,864.4495,858.0
2026-08-08T07:43:14-04:00,2026-08-08,864.0,858.5
2026-08-08T08:01:29-04:00,2026-08-08,863.7,857.9024999999999
2026-08-08T09:00:20-04:00,2026-08-08,863.7995,858.925
2026-08-08T09:48:16-04:00,2026-08-08,863.1895,860.0005
2026-08-08T10:18:25-04:00,2026-08-08,862.4200000000001,859.5105
2026-08-08T10:51:32-04:00,2026-08-08,862.499,859.511
2026-08-08T11:13:47-04:00,2026-08-08,862.225,859.405
2026-08-08T11:44:54-04:00,2026-08-08,861.7975,859.0
2026-08-08T12:03:27-04:00,2026-08-08,861.7495,859.1855
2026-08-08T12:45:15-04:00,2026-08-08,861.8945,859.8050000000001
2026-08-08T13:12:25-04:00,2026-08-08,861.74,860.656
2026-08-08T13:44:57-04:00,2026-08-08,862.3979999999999,860.5799999999999
2026-08-08T14:03:29-04:00,2026-08-08,862.8,860.675
2026-08-08T14:51:08-04:00,2026-08-08,863.2495,860.73
2026-08-08T15:18:09-04:00,2026-08-08,863.0,860.585
2026-08-08T15:46:22-04:00,2026-08-08,862.9,861.2
2026-08-08T16:03:43-04:00,2026-08-08,863.0,861.0
2026-08-08T16:40:09-04:00,2026-08-08,863.0,860.5455
2026-08-08T17:03:28-04:00,2026-08-08,863.0,860.5905
2026-08-08T17:38:35-04:00,2026-08-08,862.9,861.406
2026-08-08T17:59:33-04:00,2026-08-08,862.935,862.3275000000001
2026-08-08T18:29:49-04:00,2026-08-08,862.91,861.01
2026-08-08T18:58:16-04:00,2026-08-08,863.393,862.8
2026-08-08T19:25:03-04:00,2026-08-08,863.7,860.265
2026-08-08T19:50:35-04:00,2026-08-08,863.6995,862.0005
2026-08-08T20:36:28-04:00,2026-08-08,863.9,860.5665
2026-08-08T22:36:56-04:00,2026-08-08,864.99,862.05
2026-08-09T00:02:28-04:00,2026-08-09,866.0,859.4000000000001
2026-08-09T01:12:27-04:00,2026-08-09,867.0,860.14
2026-08-09T01:56:41-04:00,2026-08-09,867.0,859.025
2026-08-09T02:42:35-04:00,2026-08-09,867.3444999999999,857.515
2026-08-09T03:39:24-04:00,2026-08-09,867.9985,856.5
2026-08-09T04:20:25-04:00,2026-08-09,868.0,856.6005
2026-08-09T05:05:41-04:00,2026-08-09,868.0,856.6605
2026-08-09T05:51:00-04:00,2026-08-09,867.999,857.0
2026-08-09T06:17:31-04:00,2026-08-09,867.8444999999999,857.3
2026-08-09T07:16:40-04:00,2026-08-09,866.9995,858.5550000000001
2026-08-09T07:46:41-04:00,2026-08-09,866.0,860.225
2026-08-09T08:15:00-04:00,2026-08-09,865.7995,861.8005
2026-08-09T09:15:22-04:00,2026-08-09,864.8995,860.0
2026-08-09T09:59:11-04:00,2026-08-09,864.5,860.5415
2026-08-09T10:34:02-04:00,2026-08-09,864.925,862.0
2026-08-09T11:03:05-04:00,2026-08-09,864.8,862.12
2026-08-09T11:39:08-04:00,2026-08-09,864.6045,861.6
2026-08-09T12:01:48-04:00,2026-08-09,864.5,862.0
2026-08-09T12:43:58-04:00,2026-08-09,864.899,861.61
2026-08-09T13:13:38-04:00,2026-08-09,864.797,862.262
2026-08-09T13:46:55-04:00,2026-08-09,864.525,863.11
2026-08-09T14:15:32-04:00,2026-08-09,864.5895,862.2
2026-08-09T15:01:19-04:00,2026-08-09,864.7,863.0
2026-08-09T15:37:44-04:00,2026-08-09,864.999,863.001
2026-08-09T16:00:58-04:00,2026-08-09,865.0,862.405
2026-08-09T16:37:43-04:00,2026-08-09,864.999,862.0
2026-08-09T17:05:06-04:00,2026-08-09,864.838,862.2055
2026-08-09T17:41:56-04:00,2026-08-09,864.62,862.6034999999999
2026-08-09T18:03:09-04:00,2026-08-09,864.525,862.1600000000001
2026-08-09T18:40:00-04:00,2026-08-09,864.98,862.79
2026-08-09T19:03:49-04:00,2026-08-09,864.898,862.635
2026-08-09T19:39:19-04:00,2026-08-09,864.5,860.608
2026-08-09T20:02:24-04:00,2026-08-09,864.3995,860.6500000000001
2026-08-09T22:25:29-04:00,2026-08-09,864.0,859.3499999999999
2026-08-10T00:10:15-04:00,2026-08-10,864.5,857.0795
2026-08-10T01:41:15-04:00,2026-08-10,865.0,856.636
2026-08-10T02:54:33-04:00,2026-08-10,865.145,855.0505
2026-08-10T04:18:49-04:00,2026-08-10,865.095,854.0
2026-08-10T05:51:17-04:00,2026-08-10,865.0,854.1
2026-08-10T06:51:17-04:00,2026-08-10,862.999,856.0
2026-08-10T07:36:45-04:00,2026-08-10,861.999,858.5055
2026-08-10T08:26:56-04:00,2026-08-10,863.0,859.5025
2026-08-10T09:52:05-04:00,2026-08-10,862.0,860.783
2026-08-10T10:46:09-04:00,2026-08-10,864.7945,862.8005
2026-08-10T11:39:39-04:00,2026-08-10,866.0,866.0
2026-08-10T12:28:23-04:00,2026-08-10,869.37,867.1005
2026-08-10T13:24:13-04:00,2026-08-10,870.0,867.6115
2026-08-10T14:08:30-04:00,2026-08-10,871.0,867.815
2026-08-10T15:11:27-04:00,2026-08-10,869.8924999999999,865.5995
2026-08-10T15:59:13-04:00,2026-08-10,867.625,865.1510000000001
2026-08-10T16:41:33-04:00,2026-08-10,868.0,865.4100000000001
2026-08-10T17:25:53-04:00,2026-08-10,869.8,866.556
2026-08-10T18:03:03-04:00,2026-08-10,869.9,867.3755000000001
2026-08-10T18:48:48-04:00,2026-08-10,870.0,866.505
2026-08-10T19:19:44-04:00,2026-08-10,869.9975,865.9755
2026-08-10T19:53:17-04:00,2026-08-10,869.1700000000001,866.035
2026-08-10T20:39:06-04:00,2026-08-10,869.0,865.645
2026-08-10T22:48:47-04:00,2026-08-10,868.0,864.955
2026-08-11T00:06:20-04:00,2026-08-11,868.0,863.6025
2026-08-11T01:17:19-04:00,2026-08-11,869.0,862.6
2026-08-11T02:05:31-04:00,2026-08-11,869.5,862.0
2026-08-11T03:22:17-04:00,2026-08-11,869.7995,861.0
2026-08-11T04:27:25-04:00,2026-08-11,869.989,860.9995
2026-08-11T05:28:47-04:00,2026-08-11,869.69,861.0
2026-08-11T06:23:56-04:00,2026-08-11,868.9995,862.1
2026-08-11T07:09:53-04:00,2026-08-11,868.0,863.55
2026-08-11T07:53:49-04:00,2026-08-11,866.994,863.615
2026-08-11T08:32:42-04:00,2026-08-11,866.0,861.764
2026-08-11T09:58:52-04:00,2026-08-11,867.0,864.078
2026-08-11T10:55:53-04:00,2026-08-11,868.7,865.325
2026-08-11T11:51:22-04:00,2026-08-11,869.0,865.8275000000001
2026-08-11T12:41:00-04:00,2026-08-11,870.0,866.3995
2026-08-11T13:38:02-04:00,2026-08-11,870.0,867.585
2026-08-11T14:29:49-04:00,2026-08-11,870.5745,867.5
2026-08-11T15:34:33-04:00,2026-08-11,872.499,870.0
2026-08-11T16:18:38-04:00,2026-08-11,873.0,871.9005
2026-08-11T17:06:43-04:00,2026-08-11,876.645,873.7360000000001
2026-08-11T17:58:30-04:00,2026-08-11,877.999,874.5675
2026-08-11T18:38:59-04:00,2026-08-11,877.5,874.45
2026-08-11T19:21:35-04:00,2026-08-11,876.899,872.615
2026-08-11T20:02:49-04:00,2026-08-11,875.7,872.835
2026-08-11T22:34:22-04:00,2026-08-11,874.999,871.306
2026-08-12T00:24:15-04:00,2026-08-12,874.875,869.0
2026-08-12T01:50:26-04:00,2026-08-12,875.0,868.5
2026-08-12T02:59:12-04:00,2026-08-12,875.47,867.61
2026-08-12T04:16:48-04:00,2026-08-12,875.7,867.21
2026-08-12T05:32:28-04:00,2026-08-12,875.99,867.465
2026-08-12T06:37:10-04:00,2026-08-12,875.0,869.0
2026-08-12T07:25:15-04:00,2026-08-12,874.935,871.54
2026-08-12T08:05:16-04:00,2026-08-12,875.0,871.8105
2026-08-12T09:36:31-04:00,2026-08-12,876.883,874.6555000000001
2026-08-12T10:38:45-04:00,2026-08-12,880.1245,877.76
2026-08-12T11:32:48-04:00,2026-08-12,881.5415,878.1980000000001
2026-08-12T12:28:15-04:00,2026-08-12,880.0,876.5
2026-08-12T13:27:21-04:00,2026-08-12,879.9895,876.351
2026-08-12T14:24:15-04:00,2026-08-12,879.325,875.7745
2026-08-12T15:31:46-04:00,2026-08-12,879.0,876.8119999999999
2026-08-12T16:10:10-04:00,2026-08-12,880.0,877.35
2026-08-12T16:59:53-04:00,2026-08-12,880.989,878.075
2026-08-12T17:47:17-04:00,2026-08-12,881.8,878.6755
2026-08-12T18:24:09-04:00,2026-08-12,882.065,880.0
2026-08-12T19:06:38-04:00,2026-08-12,882.8745,880.61
2026-08-12T19:53:19-04:00,2026-08-12,883.4985,880.6055
2026-08-12T20:46:11-04:00,2026-08-12,884.395,882.795
2026-08-12T23:15:21-04:00,2026-08-12,887.3745,882.6105
2026-08-13T01:05:57-04:00,2026-08-13,887.9945,881.6500000000001
2026-08-13T02:39:12-04:00,2026-08-13,888.49,879.825
2026-08-13T04:03:12-04:00,2026-08-13,888.595,878.4100000000001
2026-08-13T05:19:47-04:00,2026-08-13,888.974,879.507
2026-08-13T06:30:35-04:00,2026-08-13,887.992,881.681
2026-08-13T07:21:09-04:00,2026-08-13,888.0,883.3
2026-08-13T08:03:06-04:00,2026-08-13,887.0995,883.3525
2026-08-13T09:35:36-04:00,2026-08-13,886.0,883.525
2026-08-13T10:39:19-04:00,2026-08-13,886.9,884.6575
2026-08-13T11:34:25-04:00,2026-08-13,887.88,884.1
2026-08-13T12:27:56-04:00,2026-08-13,882.5745,878.8755
2026-08-13T13:26:52-04:00,2026-08-13,883.4200000000001,878.9300000000001
2026-08-13T14:24:09-04:00,2026-08-13,883.0,881.035
2026-08-13T15:30:21-04:00,2026-08-13,887.45,885.23
2026-08-13T16:04:13-04:00,2026-08-13,888.85,887.0844999999999
2026-08-13T16:54:28-04:00,2026-08-13,891.0,892.351
2026-08-13T17:31:46-04:00,2026-08-13,893.1725,889.0145
2026-08-13T18:19:54-04:00,2026-08-13,890.6995,888.865
2026-08-13T19:06:08-04:00,2026-08-13,891.7995,889.9580000000001
2026-08-13T19:52:18-04:00,2026-08-13,890.6,886.3924999999999
2026-08-13T20:44:49-04:00,2026-08-13,889.0,884.505
2026-08-13T23:12:04-04:00,2026-08-13,886.4995,882.7
2026-08-14T00:59:48-04:00,2026-08-14,887.0,880.655
2026-08-14T02:14:54-04:00,2026-08-14,887.5,880.0
2026-08-14T03:50:32-04:00,2026-08-14,887.9449999999999,878.6885
2026-08-14T04:50:42-04:00,2026-08-14,888.0,878.0
2026-08-14T05:45:14-04:00,2026-08-14,887.2,878.45
2026-08-14T06:39:54-04:00,2026-08-14,886.7,881.0325
2026-08-14T07:24:31-04:00,2026-08-14,885.9995,881.2045
2026-08-14T08:02:58-04:00,2026-08-14,885.5,883.0
2026-08-14T09:23:56-04:00,2026-08-14,887.0,884.1
2026-08-14T10:28:16-04:00,2026-08-14,884.0,880.6
2026-08-14T11:21:11-04:00,2026-08-14,880.5844999999999,877.002
2026-08-14T12:08:55-04:00,2026-08-14,877.7945,873.1775
2026-08-14T13:06:50-04:00,2026-08-14,876.9,872.1
2026-08-14T14:00:17-04:00,2026-08-14,877.79,873.3815
2026-08-14T14:57:52-04:00,2026-08-14,879.895,876.2215
2026-08-14T15:44:39-04:00,2026-08-14,882.6995,881.0025
2026-08-14T16:14:52-04:00,2026-08-14,882.9985,881.0
2026-08-14T16:45:37-04:00,2026-08-14,883.999,882.0
2026-08-14T17:02:57-04:00,2026-08-14,884.2985,879.6755
2026-08-14T17:32:56-04:00,2026-08-14,883.8,878.45
2026-08-14T17:51:50-04:00,2026-08-14,883.0,879.0
2026-08-14T18:07:21-04:00,2026-08-14,883.0,878.505
2026-08-14T18:35:25-04:00,2026-08-14,882.8945,878.85
2026-08-14T18:53:41-04:00,2026-08-14,882.7735,877.7885
2026-08-14T19:08:32-04:00,2026-08-14,881.9,876.7005
2026-08-14T19:32:22-04:00,2026-08-14,881.9805,876.7750000000001
2026-08-14T19:50:29-04:00,2026-08-14,881.5285,876.855
2026-08-14T20:23:19-04:00,2026-08-14,881.0,877.501
2026-08-14T21:53:14-04:00,2026-08-14,883.35,878.5
2026-08-14T22:40:24-04:00,2026-08-14,884.0,879.0065
2026-08-14T23:20:53-04:00,2026-08-14,885.0,879.0
2026-08-14T23:57:32-04:00,2026-08-14,885.0,878.255
2026-08-15T00:24:27-04:00,2026-08-15,885.3499999999999,878.1800000000001
2026-08-15T00:52:34-04:00,2026-08-15,885.985,878.0
2026-08-15T01:12:14-04:00,2026-08-15,886.115,878.0
2026-08-15T01:39:06-04:00,2026-08-15,886.675,878.0
2026-08-15T01:57:14-04:00,2026-08-15,886.825,876.525
2026-08-15T02:28:27-04:00,2026-08-15,886.97,876.5
2026-08-15T03:06:15-04:00,2026-08-15,886.99,876.0
2026-08-15T03:37:58-04:00,2026-08-15,887.225,875.2
2026-08-15T03:55:50-04:00,2026-08-15,887.5,875.0
2026-08-15T04:16:17-04:00,2026-08-15,887.375,875.0
2026-08-15T04:46:42-04:00,2026-08-15,887.0,875.0045
2026-08-15T05:03:30-04:00,2026-08-15,887.325,875.0585
2026-08-15T05:33:48-04:00,2026-08-15,886.9995,875.935
2026-08-15T05:51:59-04:00,2026-08-15,887.0,875.985
2026-08-15T06:06:25-04:00,2026-08-15,886.845,876.0
2026-08-15T06:33:44-04:00,2026-08-15,886.525,877.002
2026-08-15T06:51:01-04:00,2026-08-15,885.825,878.0005
2026-08-15T07:01:55-04:00,2026-08-15,885.6500000000001,877.8
2026-08-15T07:26:30-04:00,2026-08-15,884.9525000000001,877.906
2026-08-15T07:41:49-04:00,2026-08-15,884.8924999999999,878.3015
2026-08-15T07:55:15-04:00,2026-08-15,884.865,878.3025
2026-08-15T08:15:57-04:00,2026-08-15,884.1,878.1055
2026-08-15T08:59:44-04:00,2026-08-15,881.5274999999999,876.5
2026-08-15T09:30:59-04:00,2026-08-15,881.1245,876.0
2026-08-15T09:52:48-04:00,2026-08-15,879.8,874.8
2026-08-15T10:08:00-04:00,2026-08-15,878.095,874.0
2026-08-15T10:34:37-04:00,2026-08-15,878.0,874.078
2026-08-15T10:52:43-04:00,2026-08-15,878.0,874.0
2026-08-15T11:04:00-04:00,2026-08-15,878.2945,874.1305
2026-08-15T11:29:16-04:00,2026-08-15,878.0,874.5
2026-08-15T11:45:15-04:00,2026-08-15,877.5445,874.125
2026-08-15T11:57:08-04:00,2026-08-15,877.1,874.0
2026-08-15T12:17:04-04:00,2026-08-15,876.3,872.4
2026-08-15T12:43:13-04:00,2026-08-15,875.4200000000001,871.7
2026-08-15T12:58:59-04:00,2026-08-15,874.5745,870.4685
2026-08-15T13:19:02-04:00,2026-08-15,873.8,870.5165
2026-08-15T13:39:12-04:00,2026-08-15,873.6,870.205
2026-08-15T13:53:51-04:00,2026-08-15,873.5,870.0
2026-08-15T14:07:56-04:00,2026-08-15,874.4945,870.035
2026-08-15T14:44:05-04:00,2026-08-15,875.485,871.301
2026-08-15T15:02:29-04:00,2026-08-15,875.6500000000001,871.6500000000001
2026-08-15T15:26:59-04:00,2026-08-15,876.0,871.9005
2026-08-15T15:43:08-04:00,2026-08-15,875.69,871.6
2026-08-15T15:54:52-04:00,2026-08-15,874.988,870.575
2026-08-15T16:08:42-04:00,2026-08-15,874.6385,870.155
2026-08-15T16:34:42-04:00,2026-08-15,873.5,870.1025
2026-08-15T16:52:36-04:00,2026-08-15,873.7985,870.1
2026-08-15T17:06:54-04:00,2026-08-15,873.755,870.0
2026-08-15T17:30:40-04:00,2026-08-15,874.2,870.0
2026-08-15T17:47:01-04:00,2026-08-15,874.0,869.5005
2026-08-15T17:58:27-04:00,2026-08-15,874.0,870.001
2026-08-15T18:18:11-04:00,2026-08-15,873.999,870.0
2026-08-15T18:41:17-04:00,2026-08-15,873.955,869.5
2026-08-15T18:56:24-04:00,2026-08-15,874.2,869.8924999999999
2026-08-15T19:12:33-04:00,2026-08-15,874.3045,870.0
2026-08-15T19:33:04-04:00,2026-08-15,873.745,869.2059999999999
2026-08-15T19:48:22-04:00,2026-08-15,873.5,868.001
2026-08-15T19:58:47-04:00,2026-08-15,873.0,868.0
2026-08-15T21:13:32-04:00,2026-08-15,873.8,868.1
2026-08-15T22:34:30-04:00,2026-08-15,874.7,869.0
2026-08-15T23:28:28-04:00,2026-08-15,875.0,869.1815
2026-08-16T00:07:04-04:00,2026-08-16,875.495,867.0
2026-08-16T00:45:48-04:00,2026-08-16,875.3495,867.2505
2026-08-16T01:11:36-04:00,2026-08-16,875.99,867.5005
2026-08-16T01:40:26-04:00,2026-08-16,876.0,867.5005
2026-08-16T01:58:34-04:00,2026-08-16,876.3675000000001,867.5
2026-08-16T02:36:31-04:00,2026-08-16,876.7995,866.0
2026-08-16T03:15:37-04:00,2026-08-16,876.9925000000001,865.0955
2026-08-16T03:46:02-04:00,2026-08-16,876.996,865.0
2026-08-16T04:01:37-04:00,2026-08-16,877.245,865.0
2026-08-16T04:36:36-04:00,2026-08-16,877.0,865.0
2026-08-16T04:59:14-04:00,2026-08-16,877.6895,865.0
2026-08-16T05:26:27-04:00,2026-08-16,877.15,865.0
2026-08-16T05:49:02-04:00,2026-08-16,876.99,865.0
2026-08-16T06:02:04-04:00,2026-08-16,876.99,865.0
2026-08-16T06:30:32-04:00,2026-08-16,876.5,865.0165
2026-08-16T06:49:32-04:00,2026-08-16,876.0,866.0
2026-08-16T07:01:54-04:00,2026-08-16,875.9965,865.45
2026-08-16T07:26:22-04:00,2026-08-16,875.145,866.1
2026-08-16T07:42:09-04:00,2026-08-16,875.0,866.53
2026-08-16T07:55:37-04:00,2026-08-16,875.0,866.723
2026-08-16T08:18:34-04:00,2026-08-16,874.67,867.695
2026-08-16T09:03:20-04:00,2026-08-16,874.6,868.0
2026-08-16T09:37:45-04:00,2026-08-16,874.5699999999999,868.8
2026-08-16T09:56:01-04:00,2026-08-16,874.5,869.2005
2026-08-16T10:13:59-04:00,2026-08-16,874.3985,869.501
2026-08-16T10:38:19-04:00,2026-08-16,874.4,870.0005
2026-08-16T10:55:36-04:00,2026-08-16,874.5,870.1775
2026-08-16T11:11:13-04:00,2026-08-16,874.4,870.1
2026-08-16T11:33:47-04:00,2026-08-16,874.2145,870.0
2026-08-16T11:50:21-04:00,2026-08-16,874.2985,869.5145
2026-08-16T12:00:51-04:00,2026-08-16,874.0,868.9
2026-08-16T12:29:57-04:00,2026-08-16,873.887,869.364
2026-08-16T12:51:12-04:00,2026-08-16,873.6,868.6505
2026-08-16T13:06:20-04:00,2026-08-16,873.6,868.7005
2026-08-16T13:29:20-04:00,2026-08-16,873.575,869.0505
2026-08-16T13:45:01-04:00,2026-08-16,873.6890000000001,869.0025
2026-08-16T13:56:17-04:00,2026-08-16,873.62,868.665
2026-08-16T14:16:12-04:00,2026-08-16,873.6,868.5
2026-08-16T14:47:41-04:00,2026-08-16,873.164,868.56
2026-08-16T15:05:36-04:00,2026-08-16,872.998,868.001
2026-08-16T15:28:34-04:00,2026-08-16,872.221,868.1585
2026-08-16T15:43:29-04:00,2026-08-16,872.2805000000001,868.0
2026-08-16T15:54:01-04:00,2026-08-16,872.0,867.51
2026-08-16T16:03:50-04:00,2026-08-16,871.9995,867.1335
2026-08-16T16:32:18-04:00,2026-08-16,871.6995,866.5015
2026-08-16T16:49:54-04:00,2026-08-16,871.4,866.201
2026-08-16T17:01:16-04:00,2026-08-16,871.0,866.0
2026-08-16T17:25:05-04:00,2026-08-16,870.8125,866.52
2026-08-16T17:40:33-04:00,2026-08-16,871.0450000000001,866.1
2026-08-16T17:53:59-04:00,2026-08-16,871.0725,865.785
2026-08-16T18:01:52-04:00,2026-08-16,871.0045,866.057
2026-08-16T18:28:46-04:00,2026-08-16,871.1,866.275
2026-08-16T18:46:19-04:00,2026-08-16,871.0,866.3
2026-08-16T18:58:29-04:00,2026-08-16,871.0,866.8
2026-08-16T19:17:19-04:00,2026-08-16,871.499,866.605
2026-08-16T19:35:20-04:00,2026-08-16,871.5,867.0
2026-08-16T19:50:07-04:00,2026-08-16,871.85,867.2425000000001
2026-08-16T19:59:41-04:00,2026-08-16,871.9695,867.705
2026-08-16T21:19:26-04:00,2026-08-16,873.0,867.275
2026-08-16T22:34:43-04:00,2026-08-16,873.245,867.0074999999999
2026-08-16T23:28:53-04:00,2026-08-16,873.4525000000001,867.0
2026-08-17T00:11:12-04:00,2026-08-17,873.8,865.0505
2026-08-17T00:55:16-04:00,2026-08-17,873.7,865.0
2026-08-17T01:25:20-04:00,2026-08-17,873.8995,865.0
2026-08-17T01:56:46-04:00,2026-08-17,874.125,863.7570000000001
2026-08-17T02:39:00-04:00,2026-08-17,874.325,863.0
2026-08-17T03:36:29-04:00,2026-08-17,874.4495,861.6115
2026-08-17T04:20:16-04:00,2026-08-17,874.4995,861.2
2026-08-17T05:03:28-04:00,2026-08-17,874.644,861.0425
2026-08-17T05:51:30-04:00,2026-08-17,874.0,862.975
2026-08-17T06:16:42-04:00,2026-08-17,873.8865000000001,863.5
2026-08-17T06:48:57-04:00,2026-08-17,873.0,865.0
2026-08-17T07:09:59-04:00,2026-08-17,871.99,864.8399999999999
2026-08-17T07:36:21-04:00,2026-08-17,869.6995,865.0
2026-08-17T07:54:29-04:00,2026-08-17,868.7,861.8755
2026-08-17T08:16:14-04:00,2026-08-17,869.999,864.1
2026-08-17T09:07:08-04:00,2026-08-17,867.2,862.0
2026-08-17T09:49:28-04:00,2026-08-17,868.0,863.7570000000001
2026-08-17T10:11:57-04:00,2026-08-17,871.0,868.1500000000001
2026-08-17T10:42:25-04:00,2026-08-17,874.9985,871.0425
2026-08-17T10:59:53-04:00,2026-08-17,875.9,873.6
2026-08-17T11:26:12-04:00,2026-08-17,878.2645,875.45
2026-08-17T11:46:53-04:00,2026-08-17,879.8495,876.6905
2026-08-17T12:00:40-04:00,2026-08-17,880.9945,877.6034999999999
2026-08-17T12:31:13-04:00,2026-08-17,881.3,877.1585
2026-08-17T12:56:22-04:00,2026-08-17,880.8995,877.48
2026-08-17T13:19:10-04:00,2026-08-17,880.8,877.3
2026-08-17T13:47:34-04:00,2026-08-17,881.0,879.5
2026-08-17T14:13:56-04:00,2026-08-17,881.9975,880.5005
2026-08-17T14:56:31-04:00,2026-08-17,883.999,881.9
2026-08-17T15:21:34-04:00,2026-08-17,884.7565,880.56
2026-08-17T15:46:08-04:00,2026-08-17,885.4995,884.4
2026-08-17T16:01:13-04:00,2026-08-17,885.999,883.575
2026-08-17T16:32:03-04:00,2026-08-17,886.6700000000001,885.375
2026-08-17T16:55:51-04:00,2026-08-17,887.1,884.3005
2026-08-17T17:16:40-04:00,2026-08-17,887.7945,886.7155
2026-08-17T17:42:47-04:00,2026-08-17,889.0,886.2055
2026-08-17T17:58:36-04:00,2026-08-17,889.4745,885.5
2026-08-17T18:21:49-04:00,2026-08-17,889.4495,886.36
2026-08-17T18:44:41-04:00,2026-08-17,888.795,884.95
2026-08-17T19:00:13-04:00,2026-08-17,888.399,885.9025
2026-08-17T19:25:00-04:00,2026-08-17,888.2,885.0
2026-08-17T19:42:25-04:00,2026-08-17,888.45,884.0754999999999
2026-08-17T19:57:18-04:00,2026-08-17,888.6,885.0
2026-08-17T20:55:47-04:00,2026-08-17,889.52,886.0
2026-08-17T22:09:40-04:00,2026-08-17,890.0,886.4
2026-08-17T23:05:55-04:00,2026-08-17,890.3095000000001,886.5
2026-08-17T23:52:57-04:00,2026-08-17,890.9995,885.0
2026-08-18T00:21:04-04:00,2026-08-18,890.9995,884.135
2026-08-18T00:55:33-04:00,2026-08-18,891.05,884.4100000000001
2026-08-18T01:19:49-04:00,2026-08-18,891.1595,883.6965
2026-08-18T01:48:42-04:00,2026-08-18,891.4995,883.0755
2026-08-18T02:15:55-04:00,2026-08-18,891.98,882.3820000000001
2026-08-18T03:05:13-04:00,2026-08-18,892.0,881.0605
2026-08-18T03:47:41-04:00,2026-08-18,892.0,880.75
2026-08-18T04:15:52-04:00,2026-08-18,892.275,881.0
2026-08-18T04:53:51-04:00,2026-08-18,892.4225,880.775
2026-08-18T05:17:58-04:00,2026-08-18,892.275,881.5505
2026-08-18T05:50:56-04:00,2026-08-18,892.0,882.0015
2026-08-18T06:12:22-04:00,2026-08-18,892.0,883.055
2026-08-18T06:44:40-04:00,2026-08-18,890.997,884.45
2026-08-18T07:02:33-04:00,2026-08-18,890.8905,885.0
2026-08-18T07:32:30-04:00,2026-08-18,890.26,886.0
2026-08-18T07:53:12-04:00,2026-08-18,890.0,885.7
2026-08-18T08:15:28-04:00,2026-08-18,889.845,884.8
2026-08-18T09:08:38-04:00,2026-08-18,889.4449999999999,885.5
2026-08-18T09:53:07-04:00,2026-08-18,891.1495,887.5755
2026-08-18T10:18:45-04:00,2026-08-18,893.3705,888.87
2026-08-18T10:55:07-04:00,2026-08-18,891.5,887.6
2026-08-18T11:20:04-04:00,2026-08-18,890.425,886.1
2026-08-18T11:50:12-04:00,2026-08-18,890.5995,886.6614999999999
2026-08-18T12:12:36-04:00,2026-08-18,890.99,886.7745
2026-08-18T12:46:56-04:00,2026-08-18,891.0,887.0255
2026-08-18T13:10:14-04:00,2026-08-18,891.79,888.954
2026-08-18T13:38:47-04:00,2026-08-18,894.0,891.3
2026-08-18T13:58:48-04:00,2026-08-18,895.0,894.78
2026-08-18T14:36:02-04:00,2026-08-18,899.0,897.075
2026-08-18T15:08:36-04:00,2026-08-18,901.5,899.0005
2026-08-18T15:35:35-04:00,2026-08-18,903.0,900.925
2026-08-18T15:52:17-04:00,2026-08-18,904.3995,903.0575
2026-08-18T16:04:17-04:00,2026-08-18,906.8,904.3
2026-08-18T16:33:36-04:00,2026-08-18,907.0,902.3
2026-08-18T16:52:45-04:00,2026-08-18,905.0,904.2
2026-08-18T17:09:42-04:00,2026-08-18,906.8995,905.2525
2026-08-18T17:35:10-04:00,2026-08-18,909.394,908.175
2026-08-18T17:51:49-04:00,2026-08-18,911.8995,907.275
2026-08-18T18:01:26-04:00,2026-08-18,911.8745,906.835
2026-08-18T18:29:47-04:00,2026-08-18,912.345,907.6800000000001
2026-08-18T18:51:38-04:00,2026-08-18,912.6,907.9449999999999
2026-08-18T19:08:19-04:00,2026-08-18,912.3,908.6735
2026-08-18T19:32:38-04:00,2026-08-18,912.5,908.7249999999999
2026-08-18T19:50:01-04:00,2026-08-18,912.925,909.0174999999999
2026-08-18T20:01:04-04:00,2026-08-18,913.28,909.5070000000001
2026-08-18T21:36:24-04:00,2026-08-18,913.9884999999999,908.15
2026-08-18T22:42:31-04:00,2026-08-18,912.599,906.961
2026-08-18T23:28:16-04:00,2026-08-18,912.0,906.0
2026-08-19T00:06:43-04:00,2026-08-19,911.895,903.2045
2026-08-19T00:47:07-04:00,2026-08-19,911.2,903.0
2026-08-19T01:14:36-04:00,2026-08-19,911.9,903.0374999999999
2026-08-19T01:46:39-04:00,2026-08-19,911.9985,903.5
2026-08-19T02:03:56-04:00,2026-08-19,912.645,903.2
2026-08-19T02:58:35-04:00,2026-08-19,913.4845,902.9504999999999
2026-08-19T03:36:20-04:00,2026-08-19,913.0,902.0
2026-08-19T04:05:38-04:00,2026-08-19,913.4295,901.475
2026-08-19T04:49:38-04:00,2026-08-19,913.55,901.905
2026-08-19T05:17:05-04:00,2026-08-19,913.4,902.7
2026-08-19T05:50:57-04:00,2026-08-19,913.0,903.0
2026-08-19T06:12:12-04:00,2026-08-19,913.0,903.4185
2026-08-19T06:44:26-04:00,2026-08-19,913.0,905.1105
2026-08-19T07:02:07-04:00,2026-08-19,912.8935,906.52
2026-08-19T07:32:30-04:00,2026-08-19,912.0,907.0
2026-08-19T07:52:43-04:00,2026-08-19,912.0,906.9955
2026-08-19T08:15:15-04:00,2026-08-19,912.0,907.45
2026-08-19T09:09:02-04:00,2026-08-19,913.0,907.7255
2026-08-19T09:53:47-04:00,2026-08-19,912.999,909.5
2026-08-19T10:19:30-04:00,2026-08-19,915.0,911.9259999999999
2026-08-19T10:55:51-04:00,2026-08-19,919.0,915.2005
2026-08-19T11:21:26-04:00,2026-08-19,923.5,919.0
2026-08-19T11:50:38-04:00,2026-08-19,926.499,921.63
2026-08-19T12:13:11-04:00,2026-08-19,926.5,921.7255
2026-08-19T12:45:32-04:00,2026-08-19,926.0,920.8009999999999
2026-08-19T13:03:37-04:00,2026-08-19,922.995,919.1005
2026-08-19T13:34:04-04:00,2026-08-19,923.9995,920.1
2026-08-19T13:52:59-04:00,2026-08-19,924.7735,922.2505
2026-08-19T14:12:38-04:00,2026-08-19,925.5445,922.525
2026-08-19T14:51:40-04:00,2026-08-19,929.4965,925.1005
2026-08-19T15:13:30-04:00,2026-08-19,929.29,925.418
2026-08-19T15:38:32-04:00,2026-08-19,929.0,926.0045
2026-08-19T15:55:09-04:00,2026-08-19,929.2,928.76
2026-08-19T16:13:57-04:00,2026-08-19,930.0,927.5025
2026-08-19T16:44:50-04:00,2026-08-19,928.425,923.5274999999999
2026-08-19T17:03:25-04:00,2026-08-19,924.644,918.9649999999999
2026-08-19T17:33:24-04:00,2026-08-19,914.6500000000001,909.9185
2026-08-19T17:53:11-04:00,2026-08-19,916.8,915.2
2026-08-19T18:10:08-04:00,2026-08-19,920.999,914.7005
2026-08-19T18:37:34-04:00,2026-08-19,921.4970000000001,916.102
2026-08-19T18:55:51-04:00,2026-08-19,920.322,914.8054999999999
2026-08-19T19:14:16-04:00,2026-08-19,918.8945,912.452
2026-08-19T19:35:55-04:00,2026-08-19,914.2245,907.6075
2026-08-19T19:52:58-04:00,2026-08-19,909.8775,904.1
2026-08-19T20:24:11-04:00,2026-08-19,910.985,906.6285
2026-08-19T21:55:32-04:00,2026-08-19,915.389,909.0
2026-08-19T22:48:09-04:00,2026-08-19,914.0,907.7
2026-08-19T23:31:40-04:00,2026-08-19,914.0,907.053
2026-08-20T00:09:08-04:00,2026-08-20,914.0,905.1500000000001
2026-08-20T00:49:23-04:00,2026-08-20,913.5450000000001,905.0
2026-08-20T01:16:25-04:00,2026-08-20,913.96,905.0039999999999
2026-08-20T01:47:34-04:00,2026-08-20,914.999,905.001
2026-08-20T02:16:33-04:00,2026-08-20,915.0,905.0
2026-08-20T03:07:54-04:00,2026-08-20,915.0,903.56
2026-08-20T03:52:25-04:00,2026-08-20,915.8875,903.415
2026-08-20T04:19:44-04:00,2026-08-20,915.919,904.0005
2026-08-20T04:59:19-04:00,2026-08-20,915.9739999999999,904.1510000000001
2026-08-20T05:33:57-04:00,2026-08-20,915.5,905.0
2026-08-20T06:02:37-04:00,2026-08-20,915.844,906.2
2026-08-20T06:38:17-04:00,2026-08-20,915.4970000000001,907.406
2026-08-20T07:00:51-04:00,2026-08-20,915.05,908.336
2026-08-20T07:30:19-04:00,2026-08-20,914.0505,908.606
2026-08-20T07:53:41-04:00,2026-08-20,914.8,909.5
2026-08-20T08:17:35-04:00,2026-08-20,915.7895,910.4
2026-08-20T09:13:13-04:00,2026-08-20,919.0,913.7
2026-08-20T09:58:31-04:00,2026-08-20,919.5,914.7
2026-08-20T10:33:28-04:00,2026-08-20,912.8,908.0755
2026-08-20T11:06:43-04:00,2026-08-20,914.4,910.0
2026-08-20T11:44:42-04:00,2026-08-20,913.9995,909.4
2026-08-20T12:04:51-04:00,2026-08-20,913.0,908.785
2026-08-20T12:45:56-04:00,2026-08-20,912.999,908.615
2026-08-20T13:11:51-04:00,2026-08-20,914.0,910.0
2026-08-20T13:43:11-04:00,2026-08-20,915.9575,912.6500000000001
2026-08-20T14:01:31-04:00,2026-08-20,917.8,914.5
2026-08-20T14:49:19-04:00,2026-08-20,920.0,916.4005
2026-08-20T15:19:36-04:00,2026-08-20,920.72,916.577
2026-08-20T15:48:46-04:00,2026-08-20,921.0,917.0730000000001
2026-08-20T16:10:41-04:00,2026-08-20,920.9985,917.5
2026-08-20T16:43:43-04:00,2026-08-20,921.2,918.005
2026-08-20T17:03:47-04:00,2026-08-20,921.55,918.2284999999999
2026-08-20T17:35:57-04:00,2026-08-20,921.985,918.0
2026-08-20T17:56:36-04:00,2026-08-20,920.0,915.0
2026-08-20T18:19:15-04:00,2026-08-20,918.5,914.0550000000001
2026-08-20T18:48:18-04:00,2026-08-20,918.6,915.105
2026-08-20T19:09:13-04:00,2026-08-20,918.6975,914.5155
2026-08-20T19:36:04-04:00,2026-08-20,918.2445,914.0
2026-08-20T19:54:16-04:00,2026-08-20,918.0,913.6575
2026-08-20T20:29:44-04:00,2026-08-20,918.0885000000001,914.0095
2026-08-20T22:07:34-04:00,2026-08-20,919.5,915.555
2026-08-20T23:12:25-04:00,2026-08-20,920.8,916.0985000000001
2026-08-20T23:58:38-04:00,2026-08-20,920.8489999999999,914.2025000000001
2026-08-21T00:35:44-04:00,2026-08-21,921.0,914.8595
2026-08-21T01:07:11-04:00,2026-08-21,921.9,914.2
2026-08-21T01:44:04-04:00,2026-08-21,921.999,914.2025000000001
2026-08-21T02:03:56-04:00,2026-08-21,922.0,914.075
2026-08-21T03:00:06-04:00,2026-08-21,922.49,912.875
2026-08-21T03:44:05-04:00,2026-08-21,922.721,912.625
2026-08-21T04:19:12-04:00,2026-08-21,922.705,912.1500000000001
2026-08-21T05:01:02-04:00,2026-08-21,922.89,912.5
2026-08-21T05:41:11-04:00,2026-08-21,922.55,913.2
2026-08-21T06:04:39-04:00,2026-08-21,922.0,914.0
2026-08-21T06:39:15-04:00,2026-08-21,921.999,915.2155
2026-08-21T07:00:56-04:00,2026-08-21,921.8,915.75
2026-08-21T07:30:53-04:00,2026-08-21,920.925,915.828
2026-08-21T07:54:00-04:00,2026-08-21,920.0,915.0
2026-08-21T08:17:21-04:00,2026-08-21,920.0,915.0129999999999
2026-08-21T09:12:52-04:00,2026-08-21,922.4895,918.45
2026-08-21T09:56:57-04:00,2026-08-21,922.375,918.52
2026-08-21T10:27:41-04:00,2026-08-21,922.8985,918.0
2026-08-21T11:02:17-04:00,2026-08-21,919.99,915.5
2026-08-21T11:40:43-04:00,2026-08-21,919.4995,915.8
2026-08-21T12:02:35-04:00,2026-08-21,920.0,916.0
2026-08-21T12:43:08-04:00,2026-08-21,921.0,916.9
2026-08-21T13:05:31-04:00,2026-08-21,920.999,916.413
2026-08-21T13:37:49-04:00,2026-08-21,918.4995,915.0405
2026-08-21T13:59:51-04:00,2026-08-21,919.093,915.0005
2026-08-21T14:37:54-04:00,2026-08-21,919.99,915.9
2026-08-21T15:09:02-04:00,2026-08-21,919.7895,915.183
2026-08-21T15:33:25-04:00,2026-08-21,919.59,915.2305
2026-08-21T15:50:01-04:00,2026-08-21,919.4200000000001,915.0015
2026-08-21T16:01:02-04:00,2026-08-21,919.0,914.95
2026-08-21T16:30:22-04:00,2026-08-21,919.4,915.2
2026-08-21T16:50:48-04:00,2026-08-21,919.5215000000001,915.6
2026-08-21T17:09:11-04:00,2026-08-21,919.8,916.0005
2026-08-21T17:35:30-04:00,2026-08-21,919.9,915.775
2026-08-21T17:54:17-04:00,2026-08-21,919.998,916.3299999999999
2026-08-21T18:10:02-04:00,2026-08-21,920.4,916.5
2026-08-21T18:37:27-04:00,2026-08-21,921.0,917.0
2026-08-21T18:55:50-04:00,2026-08-21,921.015,917.5
2026-08-21T19:14:25-04:00,2026-08-21,921.475,917.36
2026-08-21T19:38:12-04:00,2026-08-21,921.2425000000001,916.0
2026-08-21T19:55:16-04:00,2026-08-21,921.0,916.5
2026-08-21T20:36:13-04:00,2026-08-21,921.8935,917.4649999999999
2026-08-21T22:02:29-04:00,2026-08-21,922.5,918.0
2026-08-21T23:01:37-04:00,2026-08-21,923.9985,918.005
2026-08-21T23:47:10-04:00,2026-08-21,924.2,917.5
2026-08-22T00:17:03-04:00,2026-08-22,924.4,916.95
2026-08-22T00:51:45-04:00,2026-08-22,924.5,916.7
2026-08-22T01:13:01-04:00,2026-08-22,924.995,916.9304999999999
2026-08-22T01:41:25-04:00,2026-08-22,925.3475,916.5065
2026-08-22T01:59:19-04:00,2026-08-22,925.7475,916.012
2026-08-22T02:39:26-04:00,2026-08-22,925.7725,915.0
2026-08-22T03:17:14-04:00,2026-08-22,926.0,915.11
2026-08-22T03:47:22-04:00,2026-08-22,926.5,915.0
2026-08-22T04:02:13-04:00,2026-08-22,926.755,915.0
2026-08-22T04:39:09-04:00,2026-08-22,926.8499999999999,915.0
2026-08-22T05:00:56-04:00,2026-08-22,926.375,914.8
2026-08-22T05:30:41-04:00,2026-08-22,926.0,914.8
2026-08-22T05:51:33-04:00,2026-08-22,925.94,915.0
2026-08-22T06:07:58-04:00,2026-08-22,925.9,915.0005
2026-08-22T06:35:48-04:00,2026-08-22,925.3935,915.7925
2026-08-22T06:53:47-04:00,2026-08-22,925.4,916.5
2026-08-22T07:07:54-04:00,2026-08-22,924.9945,917.0
2026-08-22T07:31:15-04:00,2026-08-22,924.704,917.4300000000001
2026-08-22T07:47:58-04:00,2026-08-22,923.974,917.7615
2026-08-22T08:00:05-04:00,2026-08-22,923.8620000000001,917.85
2026-08-22T08:42:29-04:00,2026-08-22,922.6,917.525
2026-08-22T09:17:51-04:00,2026-08-22,921.9,917.225
2026-08-22T09:45:58-04:00,2026-08-22,921.7,917.0
2026-08-22T09:59:16-04:00,2026-08-22,921.6,917.0
2026-08-22T10:20:38-04:00,2026-08-22,921.4,917.0
2026-08-22T10:41:47-04:00,2026-08-22,920.9995,916.822
2026-08-22T10:57:03-04:00,2026-08-22,920.5,916.61
2026-08-22T11:14:12-04:00,2026-08-22,920.4200000000001,916.9205
2026-08-22T11:34:31-04:00,2026-08-22,920.0,917.0
2026-08-22T11:50:42-04:00,2026-08-22,919.99,917.0
2026-08-22T12:00:35-04:00,2026-08-22,919.999,917.0145
2026-08-22T12:28:05-04:00,2026-08-22,919.95,917.0
2026-08-22T12:48:28-04:00,2026-08-22,920.0,917.0
2026-08-22T13:02:13-04:00,2026-08-22,920.0,916.7005
2026-08-22T13:27:19-04:00,2026-08-22,920.0,916.307
2026-08-22T13:44:09-04:00,2026-08-22,920.17,916.32
2026-08-22T13:57:37-04:00,2026-08-22,920.0,916.2
2026-08-22T14:22:18-04:00,2026-08-22,920.0,916.5
2026-08-22T14:52:33-04:00,2026-08-22,919.9825000000001,916.165
2026-08-22T15:11:35-04:00,2026-08-22,919.8,916.69
2026-08-22T15:32:49-04:00,2026-08-22,919.999,917.15
2026-08-22T15:48:19-04:00,2026-08-22,920.0,917.175
2026-08-22T15:59:34-04:00,2026-08-22,920.0,917.024
2026-08-22T16:22:41-04:00,2026-08-22,920.0,917.0174999999999
2026-08-22T16:43:42-04:00,2026-08-22,920.364,917.0
2026-08-22T16:59:14-04:00,2026-08-22,920.3,916.95
2026-08-22T17:21:01-04:00,2026-08-22,920.0,916.9295
2026-08-22T17:40:24-04:00,2026-08-22,920.0385,916.8545
2026-08-22T17:55:07-04:00,2026-08-22,920.0,916.5
2026-08-22T18:10:12-04:00,2026-08-22,919.9,916.6
